"original canceled date","resurrected canceled date","original created date","resurrected created date","original end date","resurrected end date","original next charge date","resurrected next charge date","original plan","resurrected plan","days to resurrection",student_id,"original subscription ID","resurrected subscription ID"
NULL,NULL,"2021-02-09 19:06:58","2021-02-12 16:15:47","2021-02-10 00:00:00","2022-02-21 00:00:00","2022-02-09 00:00:00","2022-02-12 00:00:00",annually,annually,2,144384,3351,3351
"2021-01-09 02:00:00","2021-03-22 00:00:00","2021-01-28 23:44:10","2021-02-12 17:20:20","2021-02-09 00:00:00","2022-03-12 00:00:00","2021-02-09 02:00:00","2022-03-12 00:00:00",monthly,annually,3,5974,3352,3352
"2021-02-27 00:00:00","2021-08-28 00:00:00","2021-01-30 21:41:33","2021-03-06 12:51:15","2021-02-28 00:00:00","2021-09-06 00:00:00","2021-02-28 00:00:00","2021-09-06 00:00:00",monthly,annually,6,143523,3564,3564
NULL,NULL,"2021-02-24 13:40:17","2021-03-10 15:51:50","2021-03-01 00:00:00",NULL,"2022-02-24 00:00:00","2023-03-10 00:00:00",annually,annually,9,145524,3605,3605
"2021-02-28 00:00:00",NULL,"2021-01-28 23:44:53","2021-03-11 17:23:43","2021-03-09 00:00:00","2021-05-15 00:00:00","2021-03-09 00:00:00","2021-05-11 00:00:00",annually,monthly,2,6131,3616,3616
"2021-02-20 00:00:00",NULL,"2021-01-28 23:44:10","2021-03-16 17:30:30","2021-02-27 00:00:00",NULL,"2021-02-27 02:00:00","2023-03-16 00:00:00",monthly,annually,17,4537,3675,3675
"2021-02-18 00:00:00","2022-03-17 00:00:00","2021-01-28 23:44:10","2021-03-17 16:16:41","2021-02-19 00:00:00","2022-03-17 00:00:00","2021-02-19 02:00:00","2022-03-17 00:00:00",monthly,annually,26,5971,3705,3705
NULL,"2022-03-19 00:00:00","2021-02-09 23:13:01","2021-03-19 04:50:55","2021-03-13 00:00:00","2022-03-19 00:00:00","2021-03-09 00:00:00","2022-03-19 00:00:00",monthly,annually,6,144400,3787,3787
NULL,"2022-03-21 00:00:00","2021-01-28 23:46:34","2021-03-22 18:01:51","2021-02-18 00:00:00","2022-03-22 00:00:00","2021-02-09 02:00:00","2022-03-22 00:00:00",annually,annually,32,9101,3826,3826
NULL,"2021-04-28 00:00:00","2021-02-21 02:40:56","2021-03-28 10:52:40","2021-03-21 00:00:00","2021-04-28 00:00:00","2021-03-21 00:00:00","2021-04-28 00:00:00",monthly,monthly,7,5382,3913,3913
"2021-02-18 00:00:00","2021-11-30 00:00:00","2021-01-28 23:44:53","2021-03-30 18:51:18","2021-03-15 00:00:00","2021-12-30 00:00:00","2021-03-15 00:00:00","2021-12-30 00:00:00",monthly,monthly,15,2501,3925,3925
"2021-02-15 00:00:00","2021-10-01 00:00:00","2021-02-15 18:25:01","2021-04-01 15:33:03","2021-03-15 00:00:00","2021-11-01 00:00:00","2021-03-15 00:00:00","2021-11-01 00:00:00",monthly,monthly,17,1994,3940,3940
NULL,NULL,"2021-02-24 09:02:14","2021-04-03 20:03:49","2021-03-28 00:00:00","2021-05-07 00:00:00","2021-03-24 00:00:00","2021-05-03 00:00:00",monthly,monthly,6,145386,3962,3962
"2020-04-15 03:00:00","2021-04-16 00:00:00","2021-01-28 23:46:06","2021-04-16 11:45:03","2021-04-14 00:00:00","2022-04-16 00:00:00","2021-04-15 03:00:00","2023-04-16 00:00:00",annually,annually,2,15345,4052,4052
"2021-04-15 00:00:00","2021-05-13 00:00:00","2021-03-30 23:52:18","2021-04-26 01:09:34","2021-04-20 00:00:00","2021-05-15 00:00:00","2021-04-30 00:00:00","2021-05-26 00:00:00",annually,annually,6,8855,4122,4122
NULL,NULL,"2021-01-28 23:46:06","2021-04-26 11:59:54","2021-04-23 00:00:00",NULL,"2021-04-14 03:00:00","2023-04-26 00:00:00",annually,annually,3,37860,4123,4123
NULL,"2021-06-21 00:00:00","2021-02-18 00:37:14","2021-04-26 18:25:24","2021-03-18 00:00:00","2021-06-26 00:00:00","2021-03-18 00:00:00","2021-06-26 00:00:00",monthly,monthly,39,18692,4125,4125
"2021-03-13 00:00:00","2021-04-27 00:00:00","2021-01-28 23:46:06","2021-04-27 08:57:25","2021-04-23 00:00:00","2021-05-27 00:00:00","2021-04-23 03:00:00","2021-05-27 00:00:00",annually,monthly,4,14915,4131,4131
NULL,NULL,"2021-01-28 23:46:06","2021-05-01 06:08:00","2021-04-27 00:00:00",NULL,"2021-04-18 03:00:00","2023-05-01 00:00:00",annually,annually,4,10131,4153,4153
"2021-02-20 00:00:00","2021-06-29 00:00:00","2021-01-28 23:44:10","2021-05-01 16:39:41","2021-02-21 00:00:00","2021-07-01 00:00:00","2021-02-21 00:00:00","2021-07-01 00:00:00",monthly,monthly,69,804,4158,4158
"2021-04-20 00:00:00","2021-06-01 00:00:00","2021-01-28 23:46:06","2021-05-03 17:44:24","2021-04-22 00:00:00","2021-06-03 00:00:00","2021-04-22 03:00:00","2021-06-03 00:00:00",annually,monthly,11,3850,4174,4174
"2021-03-22 00:00:00",NULL,"2021-01-28 23:46:06","2021-05-04 04:00:48","2021-04-21 00:00:00",NULL,"2021-04-21 03:00:00","2023-05-04 00:00:00",annually,annually,13,14633,4182,4182
NULL,NULL,"2021-01-28 23:46:06","2021-05-11 21:49:49","2021-05-07 00:00:00",NULL,"2021-04-28 03:00:00","2023-05-11 00:00:00",annually,annually,4,9188,4233,4233
"2021-02-10 00:00:00","2022-05-16 00:00:00","2021-01-28 23:44:10","2021-05-16 05:57:17","2021-03-10 00:00:00","2022-05-17 00:00:00","2021-03-10 00:00:00","2023-05-16 00:00:00",monthly,annually,67,4132,4251,4251
"2021-04-22 00:00:00","2022-04-07 00:00:00","2021-01-28 23:46:06","2021-05-17 07:43:00","2021-04-23 00:00:00","2022-05-17 00:00:00","2021-04-23 03:00:00","2022-05-17 00:00:00",annually,annually,24,2917,4262,4262
"2021-02-27 00:00:00","2021-05-21 00:00:00","2021-01-28 23:44:53","2021-05-17 08:26:04","2021-02-28 00:00:00","2021-06-17 00:00:00","2021-02-28 00:00:00","2021-06-17 00:00:00",monthly,monthly,78,2930,4263,4263
NULL,NULL,"2021-03-19 08:50:59","2021-05-24 01:06:33","2021-04-23 00:00:00","2022-08-28 00:00:00","2021-04-19 00:00:00","2022-08-24 00:00:00",monthly,annually,31,146625,4303,4303
"2021-04-19 00:00:00",NULL,"2021-01-28 23:46:06","2021-05-28 15:39:16","2021-04-21 00:00:00",NULL,"2021-04-21 03:00:00","2023-05-28 00:00:00",annually,annually,37,5334,4369,4369
"2020-02-02 02:00:00","2021-05-30 00:00:00","2021-01-28 23:46:34","2021-05-30 03:49:20","2021-02-01 00:00:00","2022-05-30 00:00:00","2021-02-02 02:00:00","2022-05-30 00:00:00",annually,annually,118,2851,4398,4398
"2021-05-31 00:00:00",NULL,"2021-04-29 20:56:08","2021-05-31 10:44:18","2021-05-29 00:00:00","2021-10-04 00:00:00","2021-05-29 00:00:00","2021-09-30 00:00:00",monthly,monthly,2,149617,4446,4446
"2021-03-15 00:00:00","2022-06-03 00:00:00","2021-01-28 23:46:06","2021-06-03 10:48:53","2021-04-15 00:00:00","2022-06-03 00:00:00","2021-04-15 03:00:00","2023-06-03 00:00:00",annually,annually,49,19005,4552,4552
NULL,"2022-09-23 00:00:00","2021-01-28 23:44:54","2021-06-25 02:10:31","2021-06-16 00:00:00","2022-09-25 00:00:00","2021-06-07 03:00:00","2022-09-25 00:00:00",annually,annually,9,9952,4711,4711
"2021-02-19 00:00:00","2021-11-18 00:00:00","2021-01-28 23:44:54","2021-06-27 14:06:55","2021-02-25 00:00:00","2021-11-27 00:00:00","2021-02-25 02:00:00","2021-11-27 00:00:00",monthly,monthly,122,6408,4719,4719
NULL,NULL,"2021-01-28 23:46:06","2021-06-29 03:03:37","2021-03-03 00:00:00","2021-08-02 00:00:00","2021-02-27 02:00:00","2021-07-29 00:00:00",monthly,monthly,118,3367,4728,4728
NULL,"2021-12-27 00:00:00","2021-01-28 23:44:53","2021-06-30 14:19:35","2021-06-25 00:00:00","2021-12-30 00:00:00","2021-06-21 00:00:00","2021-12-30 00:00:00",monthly,monthly,5,5791,4737,4737
NULL,NULL,"2021-03-02 20:36:58","2021-07-01 00:14:47","2021-06-06 00:00:00","2021-09-05 00:00:00","2021-06-02 00:00:00","2021-09-01 00:00:00",monthly,monthly,25,2943,4739,4739
NULL,NULL,"2021-01-28 23:44:54","2021-07-01 07:40:02","2021-06-26 00:00:00",NULL,"2021-06-17 03:00:00","2023-07-01 00:00:00",annually,annually,5,18868,4742,4742
NULL,NULL,"2021-04-11 10:34:14","2021-07-03 08:36:11","2021-06-15 00:00:00","2021-08-07 00:00:00","2021-06-11 00:00:00","2021-08-03 00:00:00",monthly,monthly,18,148901,4751,4751
"2021-05-27 00:00:00","2021-07-05 00:00:00","2021-05-26 18:20:35","2021-07-05 19:50:20","2021-06-01 00:00:00","2021-08-05 00:00:00","2022-05-26 00:00:00","2021-08-05 00:00:00",annually,monthly,34,156080,4768,4768
"2021-03-17 00:00:00","2021-11-13 00:00:00","2021-01-28 23:46:34","2021-07-13 21:27:01","2021-04-05 00:00:00","2021-12-13 00:00:00","2021-04-05 03:00:00","2021-12-13 00:00:00",annually,monthly,99,5684,4825,4825
"2020-07-08 03:00:00","2022-07-14 00:00:00","2021-01-28 23:44:54","2021-07-14 15:41:36","2021-07-08 00:00:00","2022-07-14 00:00:00","2021-07-08 03:00:00","2023-07-14 00:00:00",annually,annually,6,2324,4829,4829
"2021-06-04 00:00:00",NULL,"2021-03-17 12:02:03","2021-07-21 01:02:20","2021-06-09 00:00:00",NULL,"2022-05-17 00:00:00","2023-07-21 00:00:00",annually,annually,42,147005,4890,4890
"2021-04-27 00:00:00",NULL,"2021-01-28 23:46:06","2021-07-23 19:22:12","2021-04-28 00:00:00",NULL,"2021-04-28 03:00:00","2023-07-23 00:00:00",annually,annually,86,8018,4927,4927
"2021-05-03 00:00:00","2022-07-25 00:00:00","2021-05-01 23:12:15","2021-07-23 23:58:53","2021-06-01 00:00:00","2023-07-23 00:00:00","2021-06-01 00:00:00","2023-07-23 00:00:00",annually,annually,52,150819,4934,4934
NULL,NULL,"2021-01-28 23:44:54","2021-07-24 22:49:10","2021-06-10 00:00:00","2021-09-28 00:00:00","2021-06-01 03:00:00","2021-09-24 00:00:00",annually,monthly,44,3297,4944,4944
NULL,NULL,"2021-06-10 10:56:23","2021-07-26 21:27:06","2021-07-20 00:00:00","2021-08-30 00:00:00","2021-07-10 00:00:00","2021-08-26 00:00:00",monthly,monthly,6,157184,4996,4996
NULL,NULL,"2021-07-18 02:47:39","2021-07-28 13:58:46","2021-07-22 00:00:00","2022-07-28 00:00:00","2021-08-18 00:00:00","2023-10-28 00:00:00",monthly,annually,6,160452,5023,5023
"2021-07-20 00:00:00",NULL,"2021-06-23 19:56:23","2021-07-29 01:59:37","2021-07-23 00:00:00",NULL,"2021-07-23 00:00:00","2023-07-29 00:00:00",monthly,annually,6,8974,5044,5044
"2021-07-03 00:00:00",NULL,"2021-01-28 23:44:54","2021-07-29 02:47:40","2021-07-09 00:00:00",NULL,"2021-07-09 03:00:00","2023-07-29 00:00:00",annually,annually,20,5211,5046,5046
"2021-06-13 00:00:00","2021-08-11 00:00:00","2021-01-28 23:44:53","2021-07-30 04:29:16","2021-07-11 00:00:00","2021-08-30 00:00:00","2021-07-11 00:00:00","2021-08-30 00:00:00",monthly,monthly,19,11402,5062,5062
NULL,NULL,"2021-03-12 05:20:06","2021-07-31 02:50:55","2021-03-16 00:00:00","2021-08-02 00:00:00","2022-03-12 00:00:00","2022-07-31 00:00:00",annually,annually,137,146547,5065,5065
NULL,NULL,"2021-01-28 23:46:06","2021-08-02 17:00:46","2021-04-30 00:00:00","2022-08-11 00:00:00","2021-04-21 03:00:00","2022-08-02 00:00:00",annually,annually,94,2512,5078,5078
NULL,"2022-01-08 00:00:00","2021-06-01 07:29:31","2021-08-08 15:22:23","2021-08-05 00:00:00","2022-02-08 00:00:00","2021-08-01 00:00:00","2022-02-08 00:00:00",monthly,monthly,3,156561,5119,5119
NULL,"2022-08-17 00:00:00","2021-04-06 10:47:19","2021-08-12 15:25:54","2021-08-10 00:00:00","2023-08-12 00:00:00","2021-08-06 00:00:00","2023-08-12 00:00:00",annually,annually,2,148467,5137,5137
"2021-08-03 00:00:00","2021-10-04 00:00:00","2021-07-03 16:23:35","2021-08-16 17:42:39","2021-08-04 00:00:00","2021-10-16 00:00:00","2021-09-03 00:00:00","2021-10-16 00:00:00",monthly,monthly,12,159058,5151,5151
NULL,"2021-08-16 00:00:00","2021-07-05 20:28:08","2021-08-16 20:12:21","2021-08-09 00:00:00","2021-09-16 00:00:00","2021-08-05 00:00:00","2021-09-16 00:00:00",monthly,monthly,7,158315,5152,5152
"2021-01-14 02:00:00",NULL,"2021-01-28 23:46:34","2021-08-19 10:42:28","2021-02-13 00:00:00",NULL,"2021-02-13 02:00:00","2023-08-19 00:00:00",monthly,annually,187,6808,5180,5180
NULL,NULL,"2021-01-28 23:44:54","2021-08-23 14:25:28","2021-06-22 00:00:00","2022-09-01 00:00:00","2021-06-12 03:00:00","2022-08-23 00:00:00",annually,annually,62,17547,5214,5214
"2021-04-09 00:00:00",NULL,"2021-01-28 23:46:06","2021-08-23 14:44:23","2021-04-18 00:00:00",NULL,"2021-04-18 03:00:00","2023-08-23 00:00:00",annually,annually,127,709,5215,5215
"2021-02-20 00:00:00",NULL,"2021-01-28 23:44:10","2021-08-23 14:56:43","2021-03-03 00:00:00",NULL,"2021-03-03 00:00:00","2023-08-23 00:00:00",monthly,annually,173,1362,5216,5216
NULL,NULL,"2021-01-28 23:46:06","2021-08-23 15:28:45","2021-05-01 00:00:00","2022-09-01 00:00:00","2021-04-22 03:00:00","2022-08-23 00:00:00",annually,annually,114,2295,5218,5218
"2021-07-28 00:00:00","2022-03-28 00:00:00","2021-01-28 23:44:53","2021-08-23 15:52:25","2021-08-18 00:00:00","2022-11-23 00:00:00","2021-08-18 03:00:00","2022-11-23 00:00:00",annually,annually,5,3822,5219,5219
"2021-07-03 00:00:00",NULL,"2021-01-28 23:44:54","2021-08-23 16:19:41","2021-07-09 00:00:00","2022-09-01 00:00:00","2021-07-09 03:00:00","2022-08-23 00:00:00",annually,annually,45,19597,5220,5220
"2020-03-02 02:00:00","2021-08-23 00:00:00","2021-01-28 23:46:34","2021-08-23 23:35:33","2021-03-01 00:00:00","2022-11-23 00:00:00","2021-03-02 02:00:00","2023-11-23 00:00:00",annually,annually,175,15328,5223,5223
NULL,NULL,"2021-01-28 23:46:34","2021-08-24 00:28:10","2021-03-18 00:00:00",NULL,"2021-03-09 02:00:00","2023-08-24 00:00:00",annually,annually,159,1661,5224,5224
NULL,NULL,"2021-01-28 23:44:54","2021-08-24 22:54:28","2021-07-19 00:00:00","2022-08-24 00:00:00","2021-07-15 03:00:00","2023-08-24 00:00:00",annually,annually,36,1693,5231,5231
NULL,"2022-02-27 00:00:00","2021-02-14 10:03:40","2021-08-25 11:07:57","2021-03-01 00:00:00","2022-08-25 00:00:00","2022-02-14 00:00:00","2022-08-25 00:00:00",annually,annually,177,143655,5237,5237
NULL,NULL,"2021-01-28 23:46:34","2021-08-25 21:09:50","2021-04-21 00:00:00",NULL,"2021-04-12 03:00:00","2023-08-25 00:00:00",annually,annually,126,86545,5244,5244
"2021-02-10 00:00:00",NULL,"2021-01-28 23:44:10","2021-08-25 23:39:23","2021-02-14 00:00:00","2022-08-26 00:00:00","2021-02-14 02:00:00","2022-08-25 00:00:00",monthly,annually,192,3195,5247,5247
NULL,NULL,"2021-01-28 23:46:06","2021-08-26 11:14:55","2021-04-23 00:00:00",NULL,"2021-04-14 03:00:00","2023-08-26 00:00:00",annually,annually,125,13464,5252,5252
NULL,NULL,"2021-01-28 23:46:06","2021-08-26 13:08:18","2021-04-24 00:00:00",NULL,"2021-04-15 03:00:00","2023-08-26 00:00:00",annually,annually,124,9380,5254,5254
"2021-03-16 00:00:00",NULL,"2021-01-28 23:46:06","2021-08-26 16:38:42","2021-04-16 00:00:00","2022-08-26 00:00:00","2021-04-16 03:00:00","2022-08-26 00:00:00",annually,annually,132,10504,5260,5260
"2021-02-12 00:00:00",NULL,"2021-01-28 23:44:54","2021-08-26 22:45:31","2021-07-05 00:00:00",NULL,"2021-07-05 03:00:00","2023-08-26 00:00:00",annually,annually,52,12330,5262,5262
"2021-04-25 00:00:00",NULL,"2021-01-28 23:44:54","2021-08-26 22:47:03","2021-05-25 00:00:00",NULL,"2021-05-25 03:00:00","2023-08-26 00:00:00",annually,annually,93,6363,5263,5263
"2021-04-03 00:00:00",NULL,"2021-01-28 23:46:06","2021-08-26 23:27:28","2021-04-23 00:00:00",NULL,"2021-04-23 03:00:00","2023-08-26 00:00:00",annually,annually,125,4371,5264,5264
"2021-04-18 00:00:00",NULL,"2021-01-28 23:46:06","2021-08-27 03:19:25","2021-04-21 00:00:00",NULL,"2021-04-21 03:00:00","2023-08-27 00:00:00",annually,annually,128,7568,5266,5266
"2021-02-06 00:00:00",NULL,"2021-01-28 23:46:06","2021-08-27 06:36:57","2021-04-15 00:00:00",NULL,"2021-04-15 03:00:00","2023-08-27 00:00:00",annually,annually,134,14347,5268,5268
"2021-04-22 00:00:00","2021-08-30 00:00:00","2021-01-28 23:46:06","2021-08-27 08:02:21","2021-04-29 00:00:00","2022-08-27 00:00:00","2021-04-29 03:00:00","2022-08-27 00:00:00",annually,annually,120,8791,5270,5270
NULL,NULL,"2021-01-28 23:46:34","2021-08-27 08:15:17","2021-04-13 00:00:00","2022-09-05 00:00:00","2021-04-04 03:00:00","2022-08-27 00:00:00",annually,annually,136,2807,5273,5273
"2021-03-17 00:00:00",NULL,"2021-01-28 23:46:06","2021-08-27 09:27:16","2021-04-17 00:00:00",NULL,"2021-04-17 03:00:00","2023-08-27 00:00:00",annually,annually,132,2243,5274,5274
NULL,NULL,"2021-01-28 23:46:06","2021-08-27 12:04:18","2021-04-28 00:00:00",NULL,"2021-04-24 03:00:00","2023-08-27 00:00:00",annually,annually,121,9112,5277,5277
"2021-08-06 00:00:00","2022-11-22 00:00:00","2021-07-06 02:49:58","2021-08-27 12:19:40","2021-08-06 00:00:00","2022-11-27 00:00:00","2021-08-06 00:00:00","2022-11-27 00:00:00",monthly,annually,21,159359,5278,5278
"2021-08-07 00:00:00","2022-07-22 00:00:00","2021-07-16 10:01:08","2021-08-27 12:57:14","2021-08-16 00:00:00","2022-08-27 00:00:00","2021-08-16 00:00:00","2022-08-27 00:00:00",monthly,annually,11,160705,5279,5279
NULL,NULL,"2021-01-28 23:44:54","2021-08-27 13:58:18","2021-07-30 00:00:00",NULL,"2021-07-09 03:00:00","2023-08-27 00:00:00",annually,annually,28,9409,5283,5283
NULL,NULL,"2021-05-30 19:30:58","2021-08-29 19:50:56","2021-07-05 00:00:00","2021-10-03 00:00:00","2021-06-30 00:00:00","2021-09-29 00:00:00",monthly,monthly,55,29303,5298,5298
"2021-06-28 00:00:00",NULL,"2021-01-28 23:44:54","2021-08-30 16:18:01","2021-07-27 00:00:00","2022-09-08 00:00:00","2021-07-27 00:00:00","2022-08-30 00:00:00",monthly,annually,34,2764,5309,5309
NULL,"2022-11-30 00:00:00","2021-01-28 23:46:34","2021-08-31 02:13:19","2021-04-06 00:00:00","2023-11-30 00:00:00","2021-03-31 03:00:00","2023-11-30 00:00:00",annually,annually,147,2495,5319,5319
"2021-07-29 00:00:00","2022-08-30 00:00:00","2021-01-28 23:44:53","2021-08-31 15:33:45","2021-08-03 00:00:00","2022-08-31 00:00:00","2021-08-03 03:00:00","2022-08-31 00:00:00",annually,annually,28,13538,5329,5329
NULL,NULL,"2021-03-30 20:03:15","2021-08-31 18:47:00","2021-04-23 00:00:00",NULL,"2022-03-30 00:00:00","2023-02-01 00:00:00",annually,annually,130,146990,5331,5331
"2021-08-21 00:00:00","2021-09-27 00:00:00","2021-07-26 10:09:36","2021-09-01 13:27:35","2021-08-26 00:00:00","2021-10-01 00:00:00","2021-08-26 00:00:00","2021-10-01 00:00:00",monthly,monthly,6,161118,5341,5341
"2021-08-04 00:00:00","2021-11-03 00:00:00","2021-04-07 09:41:22","2021-09-02 08:33:26","2021-08-07 00:00:00","2021-12-02 00:00:00","2021-08-07 00:00:00","2021-12-02 00:00:00",monthly,monthly,26,148222,5345,5345
NULL,NULL,"2021-07-23 20:49:41","2021-09-07 23:46:12","2021-08-27 00:00:00","2021-10-11 00:00:00","2021-08-23 00:00:00","2021-10-07 00:00:00",monthly,monthly,11,161362,5375,5375
NULL,NULL,"2021-01-28 23:44:54","2021-09-09 14:41:46","2021-08-03 00:00:00",NULL,"2021-07-23 03:00:00","2023-09-09 00:00:00",annually,annually,37,3698,5383,5383
"2021-02-03 00:00:00","2021-09-19 00:00:00","2021-02-03 06:06:52","2021-09-19 05:46:05","2021-03-03 00:00:00","2021-10-19 00:00:00","2021-03-03 00:00:00","2021-10-19 00:00:00",monthly,monthly,200,143714,5424,5424
NULL,NULL,"2021-01-28 23:44:53","2021-09-21 11:11:19","2021-09-18 00:00:00","2022-09-30 00:00:00","2021-09-09 03:00:00","2022-09-21 00:00:00",annually,annually,3,3291,5443,5443
"2021-05-25 00:00:00","2022-05-09 00:00:00","2021-02-24 03:52:49","2021-09-24 00:57:12","2021-05-25 00:00:00","2022-05-24 00:00:00","2021-06-24 00:00:00","2022-05-24 00:00:00",monthly,monthly,122,145484,5469,5469
"2021-02-07 00:00:00","2021-11-21 00:00:00","2021-01-28 23:44:10","2021-09-24 01:38:03","2021-03-07 00:00:00","2021-11-24 00:00:00","2021-03-07 00:00:00","2021-11-24 00:00:00",monthly,monthly,201,3880,5470,5470
"2021-09-12 00:00:00","2021-10-03 00:00:00","2021-09-12 15:27:31","2021-09-25 13:23:03","2021-09-15 00:00:00","2021-10-25 00:00:00","2022-09-12 00:00:00","2021-10-25 00:00:00",annually,monthly,10,169259,5490,5490
"2020-04-21 03:00:00","2021-09-26 00:00:00","2021-01-28 23:46:06","2021-09-26 11:38:04","2021-04-17 00:00:00","2022-09-26 00:00:00","2021-04-18 03:00:00","2022-09-26 00:00:00",annually,annually,162,23504,5503,5503
NULL,"2022-10-20 00:00:00","2021-07-14 20:35:17","2021-09-26 17:23:09","2021-07-19 00:00:00","2022-10-21 00:00:00","2022-07-14 00:00:00","2023-09-26 00:00:00",annually,annually,69,159621,5511,5511
"2021-08-06 00:00:00","2021-10-26 00:00:00","2021-06-07 13:31:48","2021-09-26 23:46:12","2021-08-07 00:00:00","2021-11-26 00:00:00","2021-08-07 00:00:00","2021-11-26 00:00:00",monthly,monthly,50,156167,5516,5516
NULL,NULL,"2021-01-28 23:44:10","2021-09-27 10:16:54","2021-03-23 00:00:00","2021-12-01 00:00:00","2021-03-19 00:00:00","2021-11-27 00:00:00",monthly,monthly,188,2134,5528,5528
NULL,"2022-10-15 00:00:00","2021-05-31 11:32:20","2021-09-27 19:26:18","2021-06-09 00:00:00","2022-12-27 00:00:00","2022-05-31 00:00:00","2022-12-27 00:00:00",annually,annually,110,156467,5548,5548
"2021-09-25 00:00:00","2021-10-30 00:00:00","2021-08-26 06:40:50","2021-09-29 05:59:56","2021-09-26 00:00:00","2021-10-29 00:00:00","2021-09-26 00:00:00","2021-10-29 00:00:00",monthly,monthly,3,165801,5571,5571
NULL,NULL,"2021-01-28 23:46:06","2021-10-01 03:10:22","2021-04-25 00:00:00","2022-09-05 00:00:00","2021-04-16 03:00:00","2022-09-01 00:00:00",annually,monthly,159,5554,5597,5597
NULL,NULL,"2021-01-30 02:26:09","2021-10-03 21:13:15","2021-04-01 00:00:00","2022-07-07 00:00:00","2021-03-28 00:00:00","2022-07-03 00:00:00",monthly,monthly,185,143454,5607,5607
NULL,NULL,"2021-08-20 05:18:53","2021-10-04 17:23:45","2021-09-25 00:00:00","2021-11-08 00:00:00","2021-09-20 00:00:00","2021-11-04 00:00:00",annually,monthly,9,160122,5614,5614
"2021-07-17 00:00:00","2021-10-17 00:00:00","2021-07-08 16:55:39","2021-10-11 12:30:01","2021-08-08 00:00:00","2021-11-11 00:00:00","2021-08-08 00:00:00","2021-11-11 00:00:00",monthly,monthly,64,159207,5657,5657
NULL,NULL,"2021-01-28 23:46:06","2021-10-12 10:38:10","2021-05-10 00:00:00","2021-12-16 00:00:00","2021-05-01 03:00:00","2021-12-12 00:00:00",annually,monthly,155,2167,5680,5680
NULL,NULL,"2021-01-28 23:44:53","2021-10-13 06:26:33","2021-10-11 00:00:00","2022-10-22 00:00:00","2021-10-02 03:00:00","2022-10-13 00:00:00",annually,annually,2,3857,5686,5686
"2021-07-03 00:00:00","2021-11-16 00:00:00","2021-06-10 15:58:14","2021-10-15 01:34:00","2021-07-10 00:00:00","2021-12-15 00:00:00","2021-07-10 00:00:00","2021-12-15 00:00:00",monthly,monthly,97,157202,5702,5702
NULL,NULL,"2021-08-05 09:55:10","2021-10-15 09:58:05","2021-10-09 00:00:00","2022-01-19 00:00:00","2021-10-05 00:00:00","2022-01-15 00:00:00",annually,annually,6,162207,5706,5706
NULL,"2021-11-25 00:00:00","2021-01-28 23:46:34","2021-10-15 12:07:34","2021-10-13 00:00:00","2021-12-15 00:00:00","2021-10-09 00:00:00","2021-12-15 00:00:00",monthly,monthly,2,6656,5708,5708
NULL,"2022-05-27 00:00:00","2021-04-10 18:02:41","2021-10-26 07:54:47","2021-07-20 00:00:00","2022-11-26 00:00:00","2021-07-10 00:00:00","2022-11-26 00:00:00",monthly,annually,98,3272,5734,5734
"2021-03-18 00:00:00","2022-09-07 00:00:00","2021-03-18 15:39:22","2021-11-01 22:52:29","2021-03-22 00:00:00","2022-11-01 00:00:00","2022-03-18 00:00:00","2022-11-01 00:00:00",annually,annually,224,147116,5745,5745
"2021-09-06 00:00:00","2021-11-07 00:00:00","2021-08-06 18:29:58","2021-11-06 15:13:51","2021-10-06 00:00:00","2021-12-06 00:00:00","2021-10-06 00:00:00","2021-12-06 00:00:00",monthly,monthly,31,151556,5750,5750
"2021-03-17 00:00:00",NULL,"2021-01-28 23:46:06","2021-11-22 19:24:12","2021-04-15 00:00:00",NULL,"2021-04-15 03:00:00","2023-02-22 00:00:00",annually,annually,221,3577,5871,5871
"2021-07-06 00:00:00",NULL,"2021-04-07 19:31:15","2021-11-24 01:51:15","2021-07-07 00:00:00",NULL,"2021-07-07 00:00:00","2023-11-24 00:00:00",monthly,annually,140,2591,5985,5985
"2021-09-14 00:00:00","2022-03-02 00:00:00","2021-07-16 01:25:07","2021-11-24 02:53:17","2021-09-16 00:00:00","2022-03-24 00:00:00","2021-09-16 00:00:00","2022-03-24 00:00:00",monthly,monthly,69,160562,5990,5990
"2021-08-08 00:00:00","2022-08-23 00:00:00","2021-01-28 23:44:53","2021-11-24 17:39:23","2021-09-07 00:00:00","2022-11-24 00:00:00","2021-09-07 03:00:00","2022-11-24 00:00:00",annually,annually,78,1928,6041,6041
NULL,NULL,"2021-01-28 23:44:53","2021-11-24 17:48:59","2021-10-10 00:00:00",NULL,"2021-10-01 03:00:00","2023-11-24 00:00:00",annually,annually,45,4054,6042,6042
NULL,NULL,"2021-01-28 23:46:06","2021-11-25 19:26:32","2021-04-26 00:00:00","2022-12-04 00:00:00","2021-04-17 03:00:00","2022-11-25 00:00:00",annually,annually,213,1235,6124,6124
"2021-04-10 00:00:00",NULL,"2021-01-28 23:46:06","2021-11-25 20:19:39","2021-04-17 00:00:00","2022-12-04 00:00:00","2021-04-17 03:00:00","2022-11-25 00:00:00",annually,annually,222,5749,6127,6127
"2021-04-09 00:00:00","2022-11-23 00:00:00","2021-01-28 23:46:06","2021-11-25 21:11:37","2021-04-16 00:00:00","2022-11-25 00:00:00","2021-04-16 03:00:00","2022-11-25 00:00:00",annually,annually,223,11793,6129,6129
"2021-04-12 00:00:00","2021-12-29 00:00:00","2021-01-28 23:46:06","2021-11-26 12:57:23","2021-04-15 00:00:00","2022-01-26 00:00:00","2021-04-15 03:00:00","2022-01-26 00:00:00",annually,monthly,225,1867,6171,6171
"2021-01-22 02:00:00",NULL,"2021-01-28 23:44:53","2021-11-26 18:47:18","2021-02-11 00:00:00",NULL,"2021-02-11 02:00:00","2023-02-26 00:00:00",monthly,annually,288,1221,6207,6207
NULL,NULL,"2021-07-25 21:28:00","2021-11-27 06:49:57","2021-08-16 00:00:00",NULL,"2022-07-25 00:00:00","2023-02-27 00:00:00",annually,annually,103,27787,6268,6268
"2021-03-22 00:00:00","2023-01-09 00:00:00","2021-02-13 08:23:06","2021-11-27 06:57:16","2021-04-13 00:00:00","2023-02-27 00:00:00","2021-04-13 00:00:00","2023-02-27 00:00:00",monthly,annually,228,12284,6269,6269
"2021-05-20 00:00:00",NULL,"2021-01-28 23:44:54","2021-11-27 23:38:53","2021-05-23 00:00:00",NULL,"2021-05-23 03:00:00","2023-02-27 00:00:00",annually,annually,188,5143,6347,6347
NULL,NULL,"2021-06-24 22:13:53","2021-11-29 12:32:38","2021-10-28 00:00:00","2022-05-02 00:00:00","2021-10-24 00:00:00","2022-04-28 00:00:00",monthly,monthly,32,158105,6693,6693
NULL,NULL,"2021-01-28 23:46:06","2021-11-29 13:17:59","2021-04-28 00:00:00","2022-12-08 00:00:00","2021-04-19 03:00:00","2022-11-29 00:00:00",annually,annually,215,10690,6715,6715
"2021-09-23 00:00:00",NULL,"2021-01-28 23:44:53","2021-11-29 14:26:49","2021-09-24 00:00:00",NULL,"2021-09-24 03:00:00","2024-02-29 00:00:00",annually,annually,66,8539,6740,6740
"2021-05-29 00:00:00","2022-11-29 00:00:00","2021-05-29 19:07:41","2021-11-29 16:22:49","2021-06-29 00:00:00","2022-11-29 00:00:00","2021-06-29 00:00:00","2023-11-29 00:00:00",monthly,annually,153,148670,6767,6767
NULL,NULL,"2021-01-28 23:46:06","2021-11-29 17:11:45","2021-05-02 00:00:00","2022-12-08 00:00:00","2021-04-23 03:00:00","2022-11-29 00:00:00",annually,annually,211,9754,6772,6772
"2021-06-09 00:00:00",NULL,"2021-01-28 23:44:54","2021-11-29 23:25:55","2021-07-09 00:00:00",NULL,"2021-07-09 03:00:00","2023-11-29 00:00:00",annually,annually,143,5509,6798,6798
"2021-09-27 00:00:00",NULL,"2021-01-28 23:44:53","2021-11-30 21:27:41","2021-10-01 00:00:00",NULL,"2021-10-01 03:00:00","2023-11-30 00:00:00",annually,annually,60,142965,6849,6849
"2021-01-26 02:00:00",NULL,"2021-01-28 23:44:54","2021-12-01 23:49:54","2021-06-15 00:00:00",NULL,"2021-06-15 03:00:00","2023-03-01 00:00:00",annually,annually,169,1016,6957,6957
"2021-11-11 00:00:00",NULL,"2021-01-28 23:44:10","2021-12-02 04:33:27","2021-11-28 00:00:00",NULL,"2021-11-28 02:00:00","2023-12-02 00:00:00",annually,annually,4,6623,6984,6984
NULL,"2022-07-29 00:00:00","2021-01-28 23:46:06","2021-12-03 12:19:10","2021-10-20 00:00:00","2022-08-03 00:00:00","2021-10-16 00:00:00","2022-08-03 00:00:00",monthly,monthly,44,10393,7027,7027
"2021-09-20 00:00:00","2022-12-03 00:00:00","2021-08-16 21:50:54","2021-12-03 13:02:24","2021-10-16 00:00:00","2022-12-05 00:00:00","2021-10-16 00:00:00","2023-12-03 00:00:00",monthly,annually,48,163884,7028,7028
NULL,NULL,"2021-09-11 12:24:08","2021-12-05 02:30:43","2021-10-15 00:00:00","2022-02-09 00:00:00","2021-10-11 00:00:00","2022-02-05 00:00:00",monthly,monthly,51,158724,7038,7038
NULL,NULL,"2021-01-28 23:46:06","2021-12-05 03:59:08","2021-05-01 00:00:00","2022-12-14 00:00:00","2021-04-22 03:00:00","2022-12-05 00:00:00",annually,annually,218,7790,7039,7039
NULL,NULL,"2021-01-28 23:46:06","2021-12-10 02:00:17","2021-05-06 00:00:00","2022-01-14 00:00:00","2021-04-27 03:00:00","2022-01-10 00:00:00",annually,monthly,218,14463,7071,7071
NULL,"2022-01-19 00:00:00","2021-05-22 21:38:58","2021-12-18 20:53:17","2021-06-23 00:00:00","2022-02-18 00:00:00","2021-06-22 00:00:00","2022-02-18 00:00:00",monthly,monthly,178,7437,7128,7128
NULL,"2022-01-04 00:00:00","2021-05-09 17:12:00","2021-12-20 14:45:24","2021-10-11 00:00:00","2022-01-20 00:00:00","2022-10-09 00:00:00","2022-01-20 00:00:00",annually,monthly,70,152766,7137,7137
"2021-10-17 00:00:00","2022-01-31 00:00:00","2021-04-10 07:33:32","2022-01-06 11:18:17","2021-10-18 00:00:00","2022-02-06 00:00:00","2022-10-10 00:00:00","2022-02-06 00:00:00",annually,monthly,80,148786,7278,7278
NULL,"2022-04-27 00:00:00","2021-01-28 23:44:10","2022-01-06 18:35:14","2021-12-11 00:00:00","2022-05-06 00:00:00","2021-12-02 02:00:00","2022-05-06 00:00:00",annually,monthly,26,4160,7280,7280
NULL,NULL,"2021-08-19 07:04:25","2022-01-07 12:24:03","2021-12-23 00:00:00","2022-02-11 00:00:00","2021-12-19 00:00:00","2022-02-07 00:00:00",monthly,monthly,15,164356,7283,7283
"2021-10-16 00:00:00",NULL,"2021-01-28 23:44:54","2022-01-11 17:43:38","2021-10-14 00:00:00","2023-01-20 00:00:00","2021-10-14 00:00:00","2023-01-11 00:00:00",annually,annually,89,8095,7326,7326
NULL,NULL,"2021-01-28 23:46:06","2022-01-12 19:49:41","2021-05-13 00:00:00","2023-01-21 00:00:00","2021-05-04 03:00:00","2023-01-12 00:00:00",annually,annually,244,2555,7345,7345
"2021-06-30 00:00:00",NULL,"2021-06-03 09:57:09","2022-01-13 10:05:53","2021-07-01 00:00:00","2022-02-13 00:00:00","2022-06-03 00:00:00","2022-02-13 00:00:00",annually,monthly,196,156716,7349,7349
NULL,NULL,"2021-01-28 23:44:10","2022-01-14 13:21:51","2021-12-12 00:00:00","2023-01-23 00:00:00","2021-12-03 02:00:00","2023-01-14 00:00:00",annually,annually,33,1426,7358,7358
"2021-11-27 00:00:00",NULL,"2021-01-28 23:44:10","2022-01-16 20:27:04","2021-11-26 00:00:00","2022-02-20 00:00:00","2021-11-26 02:00:00","2022-02-16 00:00:00",annually,monthly,51,7538,7381,7381
"2021-07-22 00:00:00",NULL,"2021-02-22 00:52:31","2022-01-17 19:40:37","2021-07-22 00:00:00",NULL,"2021-07-22 00:00:00","2024-01-17 00:00:00",monthly,annually,179,145311,7394,7394
NULL,"2022-04-18 00:00:00","2021-04-29 12:18:05","2022-01-20 21:52:13","2021-12-03 00:00:00","2022-04-20 00:00:00","2021-11-29 00:00:00","2022-04-20 00:00:00",monthly,monthly,48,151575,7458,7458
"2021-08-07 00:00:00","2022-11-28 00:00:00","2021-01-28 23:44:53","2022-01-23 11:45:01","2021-09-07 00:00:00","2023-01-23 00:00:00","2021-09-07 03:00:00","2023-01-23 00:00:00",annually,annually,138,13006,7502,7502
NULL,NULL,"2021-01-28 23:44:10","2022-01-26 11:53:31","2021-12-12 00:00:00",NULL,"2021-12-03 02:00:00","2023-01-26 00:00:00",annually,annually,45,3852,7573,7573
"2021-11-29 00:00:00",NULL,"2021-01-28 23:44:10","2022-01-26 17:34:24","2021-11-30 00:00:00",NULL,"2021-11-30 02:00:00","2024-01-26 00:00:00",annually,annually,57,7142,7582,7582
"2021-03-16 00:00:00",NULL,"2021-01-28 23:46:06","2022-01-27 03:51:52","2021-04-22 00:00:00",NULL,"2021-04-22 03:00:00","2023-06-17 00:00:00",annually,annually,280,1581,7598,7598
"2021-11-28 00:00:00",NULL,"2021-01-28 23:44:10","2022-01-27 06:02:36","2021-11-28 00:00:00",NULL,"2021-11-28 02:00:00","2023-04-27 00:00:00",annually,annually,60,7329,7600,7600
"2021-12-03 00:00:00","2022-02-18 00:00:00","2021-01-28 23:44:53","2022-01-28 16:03:28","2021-12-09 00:00:00","2022-02-28 00:00:00","2021-12-09 00:00:00","2022-02-28 00:00:00",annually,monthly,50,987,7695,7695
NULL,NULL,"2021-01-28 23:44:10","2022-02-01 10:48:48","2022-01-30 00:00:00",NULL,"2022-01-21 02:00:00","2023-02-01 00:00:00",annually,annually,2,1538,7712,7712
NULL,NULL,"2021-07-05 18:15:26","2022-02-05 17:18:44","2021-11-09 00:00:00","2022-03-09 00:00:00","2021-11-05 00:00:00","2022-03-05 00:00:00",annually,monthly,88,159101,7749,7749
"2021-05-22 00:00:00","2022-03-20 05:50:28","2021-01-28 23:44:10","2022-02-10 03:16:38","2021-06-06 00:00:00","2022-04-10 03:21:01","2021-06-06 00:00:00","2022-03-10 03:16:38",monthly,monthly,249,3728,7804,7804
"2021-02-12 00:00:00",NULL,"2021-02-12 16:08:43","2022-02-14 15:26:18","2022-02-12 00:00:00",NULL,"2022-02-12 00:00:00","2023-02-14 15:26:18",annually,annually,2,144644,7834,7834
"2021-03-25 00:00:00",NULL,"2021-01-28 23:46:34","2022-02-14 17:23:19","2021-04-01 00:00:00",NULL,"2021-04-01 03:00:00","2023-02-14 17:23:19",annually,annually,319,3236,7836,7836
"2021-03-29 00:00:00",NULL,"2021-01-28 23:46:34","2022-02-14 18:35:42","2021-04-05 00:00:00",NULL,"2021-04-05 03:00:00","2023-02-14 18:35:42",annually,annually,315,10422,7837,7837
"2021-08-12 00:00:00",NULL,"2021-01-28 23:44:53","2022-02-14 18:57:32","2021-08-30 00:00:00",NULL,"2021-08-30 03:00:00","2023-02-14 18:57:32",annually,annually,168,3984,7838,7838
NULL,NULL,"2021-01-28 23:44:53","2022-02-15 13:05:29","2022-02-06 00:00:00",NULL,"2022-02-02 00:00:00","2023-02-15 13:05:29",monthly,annually,9,5955,7852,7852
NULL,NULL,"2021-01-30 15:47:35","2022-02-16 14:28:09","2022-02-01 00:00:00",NULL,"2022-01-30 00:00:00","2023-02-16 14:28:09",annually,annually,15,143510,7864,7864
NULL,NULL,"2021-01-28 23:44:10","2022-02-16 15:37:18","2021-12-05 00:00:00",NULL,"2021-12-04 02:00:00","2023-02-16 15:37:18",annually,annually,73,6773,7866,7866
NULL,NULL,"2021-01-28 23:44:10","2022-02-16 16:33:34","2021-11-30 00:00:00",NULL,"2021-11-21 02:00:00","2023-02-16 16:33:34",annually,annually,78,4795,7868,7868
NULL,NULL,"2021-06-29 09:41:23","2022-02-16 19:52:31","2021-09-02 00:00:00",NULL,"2021-08-29 00:00:00","2023-02-16 19:52:31",monthly,annually,167,158463,7873,7873
NULL,NULL,"2021-01-28 23:44:10","2022-02-16 20:44:03","2022-01-30 00:00:00",NULL,"2022-01-21 02:00:00","2023-02-16 20:44:03",annually,annually,17,1809,7874,7874
NULL,NULL,"2021-01-28 23:44:10","2022-02-16 22:45:08","2022-01-21 00:00:00",NULL,"2023-01-21 00:00:00","2023-02-16 22:45:08",annually,annually,26,1754,7875,7875
"2021-03-19 00:00:00",NULL,"2021-01-28 23:46:06","2022-02-17 03:00:33","2021-04-18 00:00:00",NULL,"2021-04-18 03:00:00","2023-02-17 03:00:33",annually,annually,305,6618,7876,7876
"2021-11-29 00:00:00",NULL,"2021-01-28 23:44:10","2022-02-17 04:16:09","2022-01-14 00:00:00",NULL,"2022-01-14 02:00:00","2023-02-17 04:16:09",annually,annually,34,2741,7878,7878
"2021-08-24 00:00:00","2022-12-16 09:37:58","2021-01-28 23:44:53","2022-02-17 06:07:34","2021-09-24 00:00:00","2023-02-17 06:07:34","2021-09-24 03:00:00","2023-02-17 06:07:34",annually,annually,146,5389,7880,7880
"2021-10-07 00:00:00",NULL,"2021-01-28 23:44:54","2022-02-17 06:09:42","2021-10-08 00:00:00",NULL,"2021-10-08 00:00:00","2023-02-17 06:09:42",annually,annually,132,5774,7881,7881
NULL,NULL,"2021-01-28 23:46:06","2022-02-17 06:42:44","2021-04-30 00:00:00",NULL,"2021-04-21 03:00:00","2023-02-17 06:42:44",annually,annually,293,22364,7882,7882
"2021-02-11 00:00:00",NULL,"2021-01-28 23:44:10","2022-02-17 07:29:58","2021-12-04 00:00:00",NULL,"2021-12-04 02:00:00","2023-02-17 07:29:58",annually,annually,75,6726,7885,7885
"2021-09-18 00:00:00",NULL,"2021-01-28 23:44:53","2022-02-17 11:28:57","2021-09-12 00:00:00",NULL,"2021-09-12 03:00:00","2023-02-17 11:28:57",annually,annually,158,4884,7890,7890
"2021-03-22 00:00:00",NULL,"2021-01-28 23:46:34","2022-02-17 12:05:03","2021-03-26 00:00:00",NULL,"2021-03-26 02:00:00","2023-02-17 12:05:03",annually,annually,328,13478,7891,7891
NULL,NULL,"2021-03-06 23:53:37","2022-02-17 12:22:45","2021-05-10 00:00:00",NULL,"2021-05-06 00:00:00","2023-02-17 12:22:45",monthly,annually,283,1923,7893,7893
NULL,NULL,"2021-01-28 23:44:10","2022-02-17 14:09:48","2021-12-12 00:00:00",NULL,"2021-12-03 02:00:00","2023-02-17 14:09:48",annually,annually,67,5254,7895,7895
"2021-11-17 00:00:00","2022-03-09 15:15:06","2021-01-28 23:44:10","2022-03-09 15:05:14","2022-01-14 00:00:00",NULL,"2022-01-14 02:00:00","2023-03-09 15:05:14",annually,annually,54,3115,8063,8063
NULL,NULL,"2021-01-28 23:44:10","2022-03-13 15:43:36","2022-03-10 00:00:00",NULL,"2022-03-01 00:00:00","2023-03-13 15:43:36",annually,annually,3,3423,8101,8101
NULL,NULL,"2021-09-03 10:58:40","2022-03-15 12:04:06","2022-02-07 00:00:00",NULL,"2022-02-03 00:00:00","2023-02-15 12:04:06",monthly,monthly,36,160960,8118,8118
"2021-06-30 00:00:00","2022-05-02 23:35:15","2021-01-28 23:44:54","2022-03-20 22:54:56","2021-07-13 00:00:00","2022-05-20 23:01:13","2021-07-13 03:00:00","2022-04-20 22:54:56",annually,monthly,250,4435,8167,8167
"2021-12-21 00:00:00","2022-03-23 14:54:26","2021-01-28 23:44:53","2022-03-23 14:48:28","2021-12-27 00:00:00","2022-03-25 09:48:12","2021-12-26 00:00:00","2023-03-23 14:48:28",annually,annually,86,4231,8196,8196
"2021-09-23 00:00:00",NULL,"2021-08-28 09:30:34","2022-03-24 01:56:08","2021-09-28 00:00:00","2022-03-30 06:50:56","2021-09-28 00:00:00","2023-03-24 01:56:08",monthly,annually,177,157613,8203,8203
NULL,NULL,"2021-01-28 23:44:54","2022-03-24 12:07:02","2021-07-28 00:00:00",NULL,"2021-06-30 03:00:00","2023-03-24 12:07:02",annually,annually,239,4784,8210,8210
NULL,NULL,"2021-01-28 23:46:34","2022-03-27 15:51:56","2021-04-20 00:00:00",NULL,"2021-04-11 03:00:00","2023-03-27 15:51:56",annually,annually,341,1019,8259,8259
"2021-02-16 00:00:00",NULL,"2021-01-28 23:46:34","2022-03-28 17:42:07","2021-02-23 00:00:00",NULL,"2021-02-23 02:00:00","2023-03-28 17:42:07",annually,annually,398,1521,8273,8273
"2021-02-07 00:00:00",NULL,"2021-01-28 23:44:10","2022-03-31 01:17:16","2022-01-14 00:00:00",NULL,"2022-01-14 02:00:00","2023-03-31 01:17:16",annually,annually,76,2840,8373,8373
"2021-02-08 00:00:00",NULL,"2021-01-28 23:46:34","2022-03-31 02:30:20","2022-02-24 00:00:00",NULL,"2022-02-15 00:00:00","2023-11-30 02:05:34",annually,annually,35,5325,8379,8379
NULL,NULL,"2021-01-28 23:46:06","2022-03-31 05:09:07","2021-04-27 00:00:00",NULL,"2021-04-18 03:00:00","2023-03-31 05:09:07",annually,annually,338,1306,8391,8391
"2021-01-04 02:00:00",NULL,"2021-01-28 23:44:10","2022-04-02 06:42:37","2021-02-03 00:00:00","2022-05-15 07:21:01","2021-02-03 02:00:00","2022-05-02 06:42:37",monthly,monthly,423,4011,8414,8414
NULL,NULL,"2021-02-03 05:28:58","2022-04-02 08:03:42","2022-02-12 00:00:00",NULL,"2022-02-03 00:00:00","2023-04-02 08:03:42",annually,annually,49,143799,8415,8415
NULL,NULL,"2021-01-28 23:44:10","2022-04-05 15:36:13","2021-12-04 00:00:00",NULL,"2021-11-25 02:00:00","2023-04-05 15:36:13",annually,annually,122,1046,8437,8437
"2022-01-11 00:00:00","2022-04-09 19:36:22","2021-03-22 17:44:56","2022-04-09 19:34:36","2022-03-22 00:00:00","2022-05-09 19:41:13","2022-03-22 00:00:00","2022-05-09 19:34:36",annually,monthly,18,147448,8482,8482
"2021-06-16 00:00:00",NULL,"2021-02-26 14:20:11","2022-04-12 15:09:50","2021-06-26 00:00:00","2022-05-25 15:40:42","2021-06-26 00:00:00","2022-05-12 15:09:50",monthly,monthly,290,144912,8507,8507
"2021-11-29 00:00:00",NULL,"2021-01-28 23:44:53","2022-04-13 22:40:14","2021-12-30 00:00:00","2022-10-26 23:20:37","2021-12-30 00:00:00","2022-10-13 22:40:14",annually,monthly,104,7873,8526,8526
"2021-11-18 00:00:00",NULL,"2021-01-28 23:44:10","2022-04-14 11:46:49","2021-11-27 00:00:00",NULL,"2021-11-27 02:00:00","2023-04-14 11:46:49",annually,annually,138,6862,8533,8533
"2022-03-29 00:00:00",NULL,"2021-01-28 23:44:10","2022-04-25 15:40:49","2022-04-14 00:00:00","2022-06-07 16:21:01","2022-04-14 00:00:00","2022-05-25 15:40:49",annually,monthly,11,2737,8612,8612
"2022-04-10 00:00:00","2022-05-24 13:26:58","2021-01-28 23:44:10","2022-05-06 10:33:59","2022-04-11 00:00:00","2022-05-25 05:46:05","2022-04-11 00:00:00","2023-05-06 10:33:59",annually,annually,25,840,8696,8696
NULL,"2022-06-07 17:07:58","2021-01-28 23:46:06","2022-05-07 16:09:44","2022-05-02 00:00:00","2022-07-07 16:22:36","2022-04-23 00:00:00","2022-07-07 16:09:44",annually,monthly,5,969,8703,8703
NULL,NULL,"2021-04-30 08:52:22","2022-05-11 16:12:20","2022-05-09 00:00:00",NULL,"2022-04-30 00:00:00","2023-05-11 16:12:20",annually,annually,2,151694,8731,8731
"2021-04-28 00:00:00","2022-06-09 20:48:05","2021-01-28 23:44:54","2022-05-12 21:58:56","2021-05-28 00:00:00","2022-06-12 22:01:02","2021-05-28 03:00:00","2022-06-12 21:58:56",annually,monthly,349,15743,8743,8743
"2021-07-16 00:00:00","2022-07-06 09:58:05","2021-05-26 16:06:13","2022-05-17 06:59:20","2021-07-26 00:00:00","2022-07-17 07:00:31","2021-07-26 00:00:00","2022-07-17 06:59:20",monthly,monthly,295,156057,8774,8774
"2022-03-27 00:00:00",NULL,"2021-04-11 15:46:28","2022-05-22 16:24:20","2022-04-11 00:00:00",NULL,"2022-04-11 00:00:00","2023-05-22 16:24:20",annually,annually,41,148825,8825,8825
"2021-03-23 00:00:00",NULL,"2021-03-23 06:45:39","2022-05-24 07:09:08","2022-03-23 00:00:00",NULL,"2022-03-23 00:00:00","2023-05-24 07:09:08",annually,annually,62,145813,8841,8841
"2021-01-31 00:00:00","2023-01-14 21:42:04","2021-01-28 23:44:53","2022-05-26 21:57:44","2021-02-28 00:00:00","2023-05-26 21:57:44","2021-02-28 02:00:00","2023-05-26 21:57:44",monthly,annually,452,9808,8873,8873
"2021-08-24 00:00:00",NULL,"2021-01-28 23:44:53","2022-05-26 22:08:07","2021-09-24 00:00:00",NULL,"2021-09-24 03:00:00","2023-05-26 22:08:07",annually,annually,244,1468,8874,8874
"2022-01-04 00:00:00","2022-05-27 18:09:46","2021-01-28 23:44:10","2022-05-27 18:06:53","2022-01-04 00:00:00","2023-05-27 18:06:53","2023-01-04 00:00:00","2023-05-27 18:06:53",annually,annually,143,1909,8886,8886
"2021-05-04 00:00:00",NULL,"2021-01-28 23:44:10","2022-05-29 11:00:54","2021-05-13 00:00:00",NULL,"2021-06-04 00:00:00","2023-05-29 11:00:54",monthly,annually,381,618,8904,8904
NULL,NULL,"2021-04-19 02:17:25","2022-05-29 21:26:04","2022-04-28 00:00:00",NULL,"2022-04-19 00:00:00","2023-05-29 21:26:04",annually,annually,31,149849,8920,8920
"2022-05-23 00:00:00",NULL,"2021-01-28 23:46:34","2022-05-30 02:09:13","2022-05-25 00:00:00",NULL,"2022-05-25 00:00:00","2023-05-30 02:09:13",annually,annually,5,1480,8928,8928
"2021-11-08 00:00:00",NULL,"2021-09-12 12:02:15","2022-05-30 07:35:03","2021-11-12 00:00:00",NULL,"2021-11-12 00:00:00","2023-01-30 07:35:03",monthly,monthly,199,159071,8934,8934
NULL,NULL,"2021-03-13 09:58:44","2022-06-01 03:05:11","2021-05-17 00:00:00",NULL,"2021-05-13 00:00:00","2023-06-01 03:05:11",monthly,annually,380,1159,9033,9033
"2021-08-02 00:00:00",NULL,"2021-01-28 23:44:10","2022-06-01 05:49:14","2021-11-28 00:00:00",NULL,"2021-11-28 02:00:00","2023-06-01 05:49:14",annually,annually,185,2881,9054,9054
NULL,"2022-07-20 05:39:57","2021-05-11 14:32:48","2022-06-06 16:19:41","2022-05-15 00:00:00","2022-08-06 16:21:08","2022-05-11 00:00:00","2022-08-06 16:19:41",annually,monthly,22,153103,9102,9102
"2021-03-23 00:00:00",NULL,"2021-03-23 15:05:59","2022-06-07 02:18:34","2022-03-23 00:00:00",NULL,"2022-03-23 00:00:00","2023-06-07 02:18:34",annually,annually,76,2055,9105,9105
"2021-10-19 00:00:00",NULL,"2021-08-19 06:19:52","2022-06-07 17:23:13","2021-10-19 00:00:00","2022-07-20 18:01:15","2021-10-19 00:00:00","2022-07-07 17:23:13",monthly,monthly,231,5603,9109,9109
"2021-06-03 00:00:00","2022-08-08 17:26:36","2021-05-05 23:38:31","2022-06-17 16:34:12","2021-06-05 00:00:00","2022-08-17 16:40:52","2021-06-05 00:00:00","2022-08-17 16:34:12",monthly,monthly,377,152611,9186,9186
"2021-01-26 02:00:00","2022-06-24 17:05:40","2021-01-28 23:44:10","2022-06-23 03:12:47","2021-02-26 00:00:00","2022-07-23 03:20:45","2021-02-26 02:00:00","2022-07-23 03:12:47",monthly,monthly,482,1151,9237,9237
"2021-04-16 00:00:00",NULL,"2021-01-28 23:44:10","2022-06-26 14:57:19","2021-12-02 00:00:00",NULL,"2021-12-02 02:00:00","2023-06-26 14:57:19",annually,annually,206,6971,9254,9254
"2021-04-22 00:00:00",NULL,"2021-01-28 23:46:06","2022-06-26 22:38:04","2021-04-22 00:00:00",NULL,"2021-04-22 03:00:00","2023-06-26 22:38:04",annually,annually,430,2084,9262,9262
NULL,NULL,"2021-01-28 23:44:10","2022-06-27 07:42:49","2022-04-30 00:00:00",NULL,"2022-04-21 00:00:00","2023-06-27 07:42:49",annually,annually,58,1802,9265,9265
"2022-05-24 00:00:00",NULL,"2021-05-26 00:37:31","2022-06-27 12:36:05","2022-05-26 00:00:00",NULL,"2022-05-26 00:00:00","2023-06-27 12:36:05",annually,annually,32,25308,9268,9268
NULL,NULL,"2021-01-28 23:46:06","2022-06-27 15:44:58","2022-04-27 00:00:00",NULL,"2022-04-18 00:00:00","2023-06-27 15:44:58",annually,annually,61,2146,9272,9272
NULL,NULL,"2021-01-28 23:46:34","2022-06-27 19:42:50","2021-02-15 00:00:00",NULL,"2021-02-05 02:00:00","2023-06-27 19:42:50",annually,annually,497,6899,9279,9279
NULL,NULL,"2021-01-28 23:46:06","2022-06-27 20:11:38","2022-04-23 00:00:00",NULL,"2022-04-14 00:00:00","2023-06-27 20:11:38",annually,annually,65,998,9280,9280
"2022-06-01 00:00:00",NULL,"2021-06-01 19:02:29","2022-06-28 08:44:55","2022-06-03 00:00:00",NULL,"2023-06-01 00:00:00","2023-06-28 08:44:55",annually,annually,25,156607,9286,9286
"2022-01-21 00:00:00",NULL,"2021-01-28 23:44:10","2022-06-28 16:46:21","2022-02-26 00:00:00",NULL,"2022-02-26 00:00:00","2023-06-28 16:46:21",annually,annually,122,3824,9292,9292
NULL,NULL,"2021-06-03 11:30:59","2022-06-28 18:04:03","2022-06-12 00:00:00",NULL,"2022-06-03 00:00:00","2023-06-28 18:04:03",annually,annually,16,19545,9293,9293
NULL,NULL,"2021-01-28 23:44:10","2022-06-28 20:26:57","2021-02-22 00:00:00",NULL,"2021-02-18 00:00:00","2023-06-28 20:26:57",annually,annually,491,8641,9295,9295
"2021-04-22 00:00:00",NULL,"2021-01-28 23:46:06","2022-06-29 01:02:02","2021-04-24 00:00:00",NULL,"2021-04-24 03:00:00","2023-06-29 01:02:02",annually,annually,431,2723,9298,9298
NULL,NULL,"2021-01-28 23:46:06","2022-06-29 03:24:08","2022-04-26 00:00:00",NULL,"2022-04-17 00:00:00","2023-06-29 03:24:08",annually,annually,64,3086,9300,9300
NULL,NULL,"2021-01-28 23:46:06","2022-06-29 05:18:42","2022-05-07 00:00:00",NULL,"2022-04-28 00:00:00","2023-06-29 05:18:42",annually,annually,53,11249,9301,9301
NULL,NULL,"2021-06-08 02:53:30","2022-06-29 08:58:54","2022-06-17 00:00:00",NULL,"2022-06-08 00:00:00","2023-06-29 08:58:54",annually,annually,12,156841,9303,9303
"2021-07-16 00:00:00",NULL,"2021-01-28 23:46:06","2022-06-29 18:24:02","2021-07-24 00:00:00",NULL,"2021-07-24 00:00:00","2023-06-29 18:24:02",annually,annually,340,12530,9306,9306
"2020-11-30 02:00:00",NULL,"2021-01-28 23:46:06","2022-06-29 19:49:26","2021-04-15 00:00:00",NULL,"2021-04-15 03:00:00","2023-06-29 19:49:26",annually,annually,440,7107,9308,9308
"2022-03-15 00:00:00",NULL,"2021-03-16 12:45:38","2022-06-29 20:25:17","2022-03-16 00:00:00",NULL,"2022-03-16 00:00:00","2023-06-29 20:25:17",annually,annually,105,1002,9309,9309
"2021-06-16 00:00:00",NULL,"2021-06-02 14:21:19","2022-06-30 06:43:20","2021-06-30 00:00:00",NULL,"2022-09-02 00:00:00","2023-06-30 06:43:20",annually,annually,365,156661,9313,9313
"2021-06-09 00:00:00",NULL,"2021-01-28 23:44:54","2022-06-30 07:27:59","2021-07-09 00:00:00",NULL,"2021-07-09 03:00:00","2023-06-30 07:27:59",annually,annually,356,4078,9314,9314
NULL,NULL,"2021-03-19 07:09:22","2022-06-30 08:08:15","2022-03-28 00:00:00",NULL,"2022-03-19 00:00:00","2023-06-30 08:08:15",annually,annually,94,11209,9316,9316
"2021-08-05 00:00:00",NULL,"2021-01-28 23:44:53","2022-06-30 09:50:12","2021-08-09 00:00:00",NULL,"2021-08-09 03:00:00","2023-06-30 09:50:12",annually,annually,325,11808,9317,9317
"2021-06-30 00:00:00",NULL,"2021-01-28 23:44:53","2022-06-30 11:23:05","2021-07-30 00:00:00",NULL,"2021-07-30 03:00:00","2023-06-30 11:23:05",annually,annually,335,17358,9318,9318
"2021-06-02 00:00:00",NULL,"2021-06-02 20:19:35","2022-06-30 12:46:38","2022-06-02 00:00:00",NULL,"2022-06-02 00:00:00","2023-06-30 12:46:38",annually,annually,28,156608,9319,9319
"2021-04-01 00:00:00",NULL,"2021-02-01 03:23:09","2022-06-30 13:41:07","2021-05-01 00:00:00",NULL,"2021-05-01 00:00:00","2023-06-30 13:41:07",monthly,annually,425,143615,9320,9320
"2022-03-29 00:00:00",NULL,"2021-04-13 14:49:23","2022-06-30 18:37:36","2022-04-13 00:00:00",NULL,"2022-04-13 00:00:00","2023-06-30 18:37:36",annually,annually,78,149023,9323,9323
NULL,NULL,"2021-01-28 23:44:54","2022-06-30 20:05:09","2021-06-13 00:00:00",NULL,"2021-06-04 03:00:00","2023-06-30 20:05:09",annually,annually,382,15708,9325,9325
"2021-06-15 00:00:00",NULL,"2021-01-28 23:44:54","2022-07-01 01:29:03","2021-07-09 00:00:00",NULL,"2021-07-09 03:00:00","2023-07-01 01:29:03",annually,annually,357,5652,9327,9327
"2022-01-18 00:00:00",NULL,"2021-08-06 20:04:33","2022-07-01 19:36:48","2022-02-06 00:00:00","2022-11-14 20:01:37","2022-02-06 00:00:00","2022-11-01 19:36:48",monthly,monthly,145,162320,9332,9332
"2021-09-18 00:00:00",NULL,"2021-01-28 23:44:53","2022-07-03 04:45:38","2021-09-25 00:00:00",NULL,"2021-09-25 03:00:00","2023-07-03 04:45:38",annually,annually,281,2188,9344,9344
"2022-06-09 00:00:00",NULL,"2021-03-12 07:43:20","2022-07-13 07:25:01","2022-06-12 00:00:00",NULL,"2022-06-12 00:00:00","2023-07-13 07:25:01",annually,annually,31,146552,9418,9418
NULL,NULL,"2021-03-11 17:16:49","2022-07-18 19:38:46","2022-03-18 00:00:00",NULL,"2023-03-11 00:00:00","2023-07-18 19:38:46",annually,annually,122,146514,9462,9462
"2022-07-08 00:00:00",NULL,"2021-01-28 23:44:54","2022-07-20 10:23:55","2022-07-10 00:00:00",NULL,"2022-07-10 00:00:00","2023-07-20 10:23:55",annually,annually,10,768,9486,9486
NULL,NULL,"2021-05-31 11:47:16","2022-07-21 16:02:52","2022-06-09 00:00:00",NULL,"2022-05-31 00:00:00","2023-07-21 16:02:52",annually,annually,42,25047,9504,9504
NULL,NULL,"2021-01-28 23:44:10","2022-07-21 21:27:16","2021-12-06 00:00:00",NULL,"2021-11-27 02:00:00","2023-07-21 21:27:16",annually,annually,227,7488,9508,9508
"2021-09-30 00:00:00",NULL,"2021-05-30 20:08:22","2022-07-27 03:16:20","2021-09-30 00:00:00",NULL,"2021-09-30 00:00:00","2023-07-27 03:16:20",monthly,annually,300,156406,9627,9627
"2021-12-20 00:00:00",NULL,"2021-06-01 12:29:59","2022-07-28 03:52:42","2022-01-01 00:00:00","2022-08-24 12:03:06","2022-01-01 00:00:00","2023-07-28 03:52:42",monthly,annually,208,155845,9659,9659
"2021-04-23 00:00:00","2022-10-31 07:47:47","2021-03-24 16:07:18","2022-08-01 04:10:18","2021-04-24 00:00:00","2022-11-01 04:20:54","2021-04-24 00:00:00","2022-10-01 04:10:18",monthly,monthly,464,6239,9719,9719
NULL,NULL,"2021-06-03 18:10:49","2022-08-01 15:30:41","2022-06-12 00:00:00",NULL,"2022-06-03 00:00:00","2023-08-01 15:30:41",annually,annually,50,156753,9725,9725
NULL,NULL,"2021-05-18 08:48:43","2022-08-14 11:53:36","2022-05-27 00:00:00",NULL,"2022-05-18 00:00:00","2023-08-14 11:53:36",annually,annually,79,153987,9823,9823
NULL,NULL,"2021-05-29 08:28:16","2022-08-18 15:44:28","2022-06-07 00:00:00","2022-09-28 09:57:04","2022-05-29 00:00:00","2022-09-18 15:44:28",annually,monthly,72,17780,9841,9841
NULL,NULL,"2021-01-28 23:46:06","2022-08-22 14:57:07","2021-04-26 00:00:00",NULL,"2021-04-17 03:00:00","2023-08-22 14:57:07",annually,annually,483,9061,9881,9881
NULL,NULL,"2021-01-28 23:46:06","2022-08-22 16:33:30","2022-04-23 00:00:00",NULL,"2022-04-16 00:00:00","2023-08-22 16:33:30",annually,annually,121,1482,9884,9884
"2021-08-01 00:00:00",NULL,"2021-01-28 23:44:54","2022-08-29 15:42:18","2021-08-12 00:00:00",NULL,"2021-08-12 00:00:00","2023-08-29 15:42:18",monthly,annually,382,3148,9934,9934
NULL,NULL,"2021-07-08 17:28:57","2022-08-29 18:55:03","2022-07-17 00:00:00",NULL,"2022-07-08 00:00:00","2023-08-29 18:55:03",annually,annually,43,159772,9940,9940
"2022-01-03 00:00:00",NULL,"2021-01-28 23:44:10","2022-08-29 20:31:53","2022-04-11 00:00:00",NULL,"2022-04-11 00:00:00","2023-08-29 20:31:53",annually,annually,140,2136,9942,9942
"2021-02-01 00:00:00",NULL,"2021-01-28 23:46:06","2022-08-30 00:08:26","2021-04-14 00:00:00",NULL,"2021-04-14 03:00:00","2023-08-30 00:08:26",annually,annually,503,2684,9943,9943
NULL,NULL,"2021-07-19 16:50:47","2022-08-30 18:17:58","2022-07-28 00:00:00",NULL,"2022-07-19 00:00:00","2023-08-30 18:17:58",annually,annually,33,161122,9949,9949
"2021-11-21 00:00:00",NULL,"2021-03-18 15:00:29","2022-08-30 20:18:18","2022-03-18 00:00:00",NULL,"2022-03-18 00:00:00","2023-08-30 20:18:18",annually,annually,165,145230,9954,9954
NULL,NULL,"2021-01-28 23:46:06","2022-08-30 21:09:40","2022-04-25 00:00:00",NULL,"2022-04-16 00:00:00","2023-08-30 21:09:40",annually,annually,127,11327,9955,9955
NULL,NULL,"2021-02-11 06:44:42","2022-08-31 02:59:09","2021-03-15 00:00:00",NULL,"2021-03-11 00:00:00","2023-08-31 02:59:09",monthly,annually,534,63294,9960,9960
NULL,NULL,"2021-08-06 22:04:03","2022-08-31 04:14:35","2022-08-10 00:00:00",NULL,"2022-08-06 00:00:00","2023-08-31 04:14:35",annually,annually,21,4723,9962,9962
NULL,NULL,"2021-01-28 23:44:53","2022-08-31 04:53:34","2021-12-24 00:00:00",NULL,"2021-12-24 00:00:00","2023-08-31 04:53:34",annually,annually,250,1702,9963,9963
NULL,NULL,"2021-07-20 20:05:01","2022-08-31 06:17:14","2022-07-29 00:00:00",NULL,"2022-07-20 00:00:00","2023-08-31 06:17:14",annually,annually,33,161201,9964,9964
NULL,NULL,"2021-01-28 23:44:53","2022-08-31 08:10:01","2021-10-10 00:00:00",NULL,"2021-10-01 03:00:00","2023-08-31 08:10:01",annually,annually,325,5782,9965,9965
NULL,NULL,"2021-06-04 02:10:40","2022-08-31 10:53:47","2022-06-13 00:00:00",NULL,"2022-06-04 00:00:00","2023-08-31 10:53:47",annually,annually,79,59138,9966,9966
NULL,NULL,"2021-05-28 09:41:35","2022-08-31 13:26:45","2022-06-06 00:00:00",NULL,"2022-05-28 00:00:00","2023-08-31 13:26:45",annually,annually,86,156038,9969,9969
"2022-03-30 00:00:00",NULL,"2021-01-28 23:46:34","2022-08-31 14:03:32","2022-04-05 00:00:00",NULL,"2022-04-05 00:00:00","2023-08-31 14:03:32",annually,annually,148,111643,9970,9970
NULL,NULL,"2021-03-30 04:58:45","2022-08-31 15:26:34","2022-04-08 00:00:00",NULL,"2022-03-30 00:00:00","2023-08-31 15:26:34",annually,annually,145,147666,9973,9973
"2022-03-27 00:00:00",NULL,"2021-01-28 23:46:34","2022-08-31 15:27:24","2022-04-06 00:00:00",NULL,"2022-04-06 00:00:00","2023-08-31 15:27:24",annually,annually,147,4833,9974,9974
"2021-08-22 00:00:00",NULL,"2021-01-28 23:44:53","2022-08-31 15:27:50","2021-09-17 00:00:00",NULL,"2021-09-17 03:00:00","2023-08-31 15:27:50",annually,annually,348,9169,9975,9975
NULL,NULL,"2021-01-28 23:46:06","2022-08-31 16:23:00","2021-05-07 00:00:00",NULL,"2021-04-28 03:00:00","2023-08-31 16:23:00",annually,annually,481,13501,9977,9977
NULL,NULL,"2021-04-16 08:19:45","2022-08-31 18:07:39","2022-07-25 00:00:00",NULL,"2022-07-16 00:00:00","2023-08-31 18:07:39",annually,annually,37,7179,9979,9979
"2021-08-16 00:00:00",NULL,"2021-01-28 23:44:53","2022-08-31 19:41:38","2021-09-16 00:00:00",NULL,"2021-09-16 03:00:00","2023-08-31 19:41:38",annually,annually,349,7127,9981,9981
NULL,NULL,"2021-06-04 06:57:11","2022-08-31 19:48:39","2022-06-13 00:00:00",NULL,"2022-06-04 00:00:00","2023-08-31 19:48:39",annually,annually,79,30594,9982,9982
NULL,NULL,"2021-01-28 23:46:06","2022-09-06 05:54:23","2022-04-29 00:00:00",NULL,"2022-04-20 00:00:00","2023-09-06 05:54:23",annually,annually,130,1864,10018,10018
NULL,NULL,"2021-07-23 13:52:37","2022-09-06 20:21:33","2022-08-01 00:00:00",NULL,"2022-07-23 00:00:00","2023-09-06 20:21:33",annually,annually,36,161346,10026,10026
"2021-08-30 00:00:00",NULL,"2021-06-18 18:45:23","2022-09-08 11:38:02","2021-09-18 00:00:00",NULL,"2021-09-18 00:00:00","2023-02-08 11:38:02",monthly,monthly,355,157722,10041,10041
NULL,NULL,"2021-07-25 14:26:51","2022-09-11 10:21:04","2022-08-03 00:00:00",NULL,"2022-07-25 00:00:00","2023-09-11 10:21:04",annually,annually,39,43604,10062,10062
"2021-03-16 00:00:00",NULL,"2021-01-28 23:44:53","2022-09-20 14:52:51","2021-04-16 00:00:00",NULL,"2021-04-16 00:00:00","2023-09-20 14:52:51",monthly,annually,522,4167,10136,10136
NULL,NULL,"2021-01-28 23:44:54","2022-09-20 16:12:29","2022-07-08 00:00:00",NULL,"2022-07-06 00:00:00","2023-09-20 16:12:29",annually,annually,74,6359,10140,10140
NULL,NULL,"2021-07-27 21:13:17","2022-09-23 21:49:03","2022-08-05 00:00:00",NULL,"2022-07-27 00:00:00","2023-09-23 21:49:03",annually,annually,49,161640,10199,10199
"2021-11-22 00:00:00",NULL,"2021-09-10 18:16:49","2022-09-27 17:24:44","2022-09-10 00:00:00",NULL,"2022-09-10 00:00:00","2023-09-27 17:24:44",annually,annually,17,166145,10245,10245
NULL,NULL,"2021-01-28 23:44:10","2022-09-29 12:08:23","2021-12-04 00:00:00",NULL,"2021-11-25 02:00:00","2023-09-29 12:08:23",annually,annually,299,872,10299,10299
NULL,"2022-11-18 13:56:10","2021-01-28 23:44:10","2022-10-05 13:32:06","2021-02-04 00:00:00","2022-12-05 13:41:00","2021-01-31 02:00:00","2022-12-05 13:32:06",monthly,monthly,608,4439,10391,10391
NULL,"2023-01-03 16:28:17","2021-02-20 11:13:52","2022-10-15 14:41:24","2022-05-24 00:00:00","2023-01-15 15:01:20","2022-05-20 00:00:00","2023-01-15 14:41:24",monthly,monthly,144,145185,10476,10476
"2021-06-02 00:00:00","2022-10-18 15:44:54","2021-06-02 18:01:06","2022-10-17 19:28:01","2022-06-02 00:00:00","2022-10-19 07:05:34","2022-06-02 00:00:00","2023-10-17 19:28:01",annually,annually,137,147305,10488,10488
NULL,NULL,"2021-07-04 07:13:18","2022-10-19 16:23:28","2022-10-13 00:00:00",NULL,"2022-10-04 00:00:00","2023-10-19 16:23:28",annually,annually,6,159105,10507,10507
NULL,NULL,"2021-01-28 23:44:53","2022-10-20 02:55:09","2022-09-30 00:00:00",NULL,"2022-09-21 00:00:00","2023-10-20 02:55:09",annually,annually,20,7752,10513,10513
"2022-03-18 00:00:00",NULL,"2021-03-19 05:42:22","2022-10-20 05:31:37","2022-03-19 00:00:00",NULL,"2022-03-19 00:00:00","2023-10-20 05:31:37",annually,annually,215,147178,10514,10514
NULL,NULL,"2021-01-28 23:46:06","2022-10-20 08:36:30","2022-05-01 00:00:00",NULL,"2022-04-23 00:00:00","2023-10-20 08:36:30",annually,annually,172,1382,10517,10517
"2021-02-15 00:00:00",NULL,"2021-01-28 23:44:53","2022-10-20 09:22:03","2021-03-10 00:00:00",NULL,"2021-03-10 00:00:00","2023-10-20 09:22:03",monthly,annually,589,9377,10519,10519
NULL,NULL,"2021-01-28 23:44:54","2022-10-20 11:14:41","2022-07-18 00:00:00",NULL,"2023-07-18 00:00:00","2023-10-20 11:14:41",annually,annually,94,18678,10523,10523
"2021-02-06 00:00:00",NULL,"2021-01-28 23:44:10","2022-10-20 12:29:08","2021-02-15 00:00:00",NULL,"2021-02-15 02:00:00","2023-10-20 12:29:08",monthly,annually,612,5470,10524,10524
NULL,NULL,"2021-01-28 23:44:10","2022-10-20 15:23:46","2021-12-06 00:00:00",NULL,"2021-11-27 02:00:00","2023-10-20 15:23:46",annually,annually,318,143012,10526,10526
"2021-04-05 00:00:00",NULL,"2021-01-28 23:46:06","2022-10-20 17:51:26","2021-04-29 00:00:00",NULL,"2021-04-29 03:00:00","2023-10-20 17:51:26",annually,annually,539,17823,10530,10530
"2021-04-06 00:00:00",NULL,"2021-01-28 23:46:06","2022-10-21 02:25:08","2021-04-18 00:00:00",NULL,"2021-04-18 03:00:00","2023-10-21 02:25:08",annually,annually,551,3426,10535,10535
NULL,NULL,"2021-01-28 23:44:10","2022-10-21 02:57:07","2022-01-19 00:00:00",NULL,"2023-01-19 00:00:00","2023-10-21 02:57:07",annually,annually,275,2104,10536,10536
"2022-02-18 00:00:00",NULL,"2021-06-04 01:37:50","2022-10-21 11:05:50","2022-09-04 00:00:00",NULL,"2022-09-04 00:00:00","2023-10-21 11:05:50",annually,annually,47,156776,10539,10539
NULL,NULL,"2021-01-28 23:44:54","2022-10-21 12:18:50","2021-07-31 00:00:00",NULL,"2021-07-17 03:00:00","2023-10-21 12:18:50",annually,annually,447,18531,10540,10540
NULL,NULL,"2021-01-28 23:46:06","2022-10-21 15:19:01","2021-04-29 00:00:00",NULL,"2021-04-20 03:00:00","2023-10-21 15:19:01",annually,annually,540,14491,10541,10541
"2021-09-17 00:00:00",NULL,"2021-01-28 23:44:53","2022-10-21 16:12:52","2021-09-24 00:00:00",NULL,"2021-09-24 03:00:00","2023-10-21 16:12:52",annually,annually,392,8758,10542,10542
NULL,NULL,"2021-01-28 23:46:06","2022-10-21 17:50:13","2021-05-05 00:00:00",NULL,"2021-04-26 03:00:00","2023-10-21 17:50:13",annually,annually,534,31660,10544,10544
"2021-04-07 00:00:00",NULL,"2021-01-28 23:46:06","2022-10-22 02:14:53","2021-05-07 00:00:00",NULL,"2021-05-07 03:00:00","2023-10-22 02:14:53",annually,annually,533,17174,10547,10547
"2022-07-23 00:00:00",NULL,"2021-06-18 14:57:57","2022-10-25 17:28:23","2022-09-18 00:00:00",NULL,"2022-09-18 00:00:00","2023-10-25 17:28:23",annually,annually,37,130021,10573,10573
NULL,"2022-11-01 19:31:11","2021-01-28 23:44:53","2022-10-25 18:48:56","2021-11-23 00:00:00","2022-11-02 08:07:55","2021-11-14 02:00:00","2022-11-25 18:48:56",annually,monthly,336,4013,10575,10575
"2021-03-15 00:00:00",NULL,"2021-01-28 23:46:06","2022-10-26 17:39:16","2021-04-15 00:00:00",NULL,"2021-04-15 03:00:00","2023-10-26 17:39:16",annually,annually,559,23287,10583,10583
NULL,"2022-12-29 18:33:52","2021-07-27 16:42:39","2022-10-28 21:17:38","2022-08-05 00:00:00","2023-01-28 21:17:38","2022-07-27 00:00:00","2023-01-28 21:17:38",annually,monthly,84,161626,10598,10598
"2021-08-24 00:00:00",NULL,"2021-01-28 23:44:53","2022-10-29 05:40:29","2021-09-24 00:00:00",NULL,"2021-09-24 03:00:00","2023-11-22 05:12:57",annually,annually,400,1374,10602,10602
NULL,NULL,"2021-05-31 13:59:57","2022-10-29 14:43:26","2022-06-09 00:00:00",NULL,"2022-05-31 00:00:00","2023-10-29 14:43:26",annually,annually,142,139185,10605,10605
"2021-09-30 00:00:00","2021-10-07 00:00:00","2021-09-30 01:38:14","2021-10-07 02:04:28","2021-10-01 00:00:00","2023-01-07 00:00:00","2022-09-30 00:00:00","2023-01-07 00:00:00",annually,annually,6,161580,5632,5632
NULL,NULL,"2021-10-14 08:43:24","2021-11-22 15:01:58","2021-11-12 00:00:00","2022-11-23 00:00:00","2022-10-14 00:00:00","2022-11-22 00:00:00",annually,annually,10,171405,5819,5819
"2021-11-22 00:00:00","2022-09-24 00:00:00","2021-11-07 17:27:26","2021-11-24 02:52:56","2021-11-22 00:00:00","2022-11-24 00:00:00","2022-11-07 00:00:00","2022-11-24 00:00:00",annually,annually,2,240444,5989,5989
"2021-11-24 00:00:00",NULL,"2021-11-22 20:33:22","2021-11-29 11:57:42","2021-11-25 00:00:00","2022-04-01 00:00:00","2022-11-22 00:00:00","2022-03-28 00:00:00",annually,monthly,4,242677,6676,6676
NULL,NULL,"2021-11-11 08:33:38","2021-12-07 08:20:26","2021-12-02 00:00:00",NULL,"2022-11-11 00:00:00","2023-12-07 00:00:00",annually,annually,5,178111,7051,7051
"2021-11-11 00:00:00","2022-02-18 00:00:00","2021-09-15 05:25:12","2021-12-25 06:47:50","2021-11-15 00:00:00","2022-02-25 00:00:00","2021-11-15 00:00:00","2022-02-25 00:00:00",monthly,monthly,40,156660,7170,7170
NULL,NULL,"2021-11-19 17:24:34","2022-01-02 07:38:02","2021-12-23 00:00:00","2022-02-06 00:00:00","2021-12-19 00:00:00","2022-02-02 00:00:00",monthly,monthly,10,250078,7247,7247
"2021-12-03 00:00:00",NULL,"2021-11-29 07:35:03","2022-01-04 09:20:47","2021-12-29 00:00:00",NULL,"2021-12-29 00:00:00","2023-01-04 00:00:00",lifetime,lifetime,6,254902,7259,7259
NULL,NULL,"2021-11-25 19:19:05","2022-01-05 14:23:11","2021-12-29 00:00:00","2022-04-09 00:00:00","2021-12-25 00:00:00","2022-04-05 00:00:00",monthly,monthly,7,238987,7272,7272
"2021-12-24 00:00:00","2022-03-11 00:00:00","2021-11-24 12:28:12","2022-01-12 07:52:39","2021-12-24 00:00:00","2022-03-12 00:00:00","2021-12-24 00:00:00","2022-03-12 00:00:00",monthly,monthly,19,240553,7332,7332
"2021-11-22 00:00:00","2022-02-12 00:00:00","2021-11-22 17:10:02","2022-01-12 11:45:50","2021-12-22 00:00:00","2022-02-12 00:00:00","2021-12-22 00:00:00","2022-02-12 00:00:00",monthly,monthly,21,179137,7337,7337
NULL,NULL,"2021-11-23 12:17:41","2022-01-21 09:37:28","2021-12-27 00:00:00","2022-08-25 00:00:00","2021-12-23 00:00:00","2022-08-21 00:00:00",monthly,monthly,25,196538,7467,7467
NULL,"2022-02-14 00:00:00","2022-01-02 01:17:12","2022-01-27 18:33:23","2022-01-06 00:00:00","2023-01-27 00:00:00","2023-01-02 00:00:00","2023-01-27 00:00:00",annually,annually,21,258913,7633,7633
NULL,NULL,"2021-12-16 08:44:37","2022-01-28 19:24:00","2022-01-20 00:00:00","2022-03-04 00:00:00","2022-01-16 00:00:00","2022-02-28 00:00:00",monthly,monthly,8,248535,7697,7697
"2021-10-27 00:00:00",NULL,"2021-09-27 13:12:17","2022-01-31 03:49:58","2021-10-27 00:00:00","2022-04-01 00:00:00","2021-10-27 00:00:00","2022-03-28 00:00:00",monthly,monthly,96,145313,7703,7703
NULL,"2022-04-28 00:00:00","2021-11-23 12:16:55","2022-01-31 08:58:07","2022-01-27 00:00:00","2022-04-28 00:00:00","2022-01-23 00:00:00","2022-04-28 00:00:00",monthly,monthly,4,248305,7704,7704
NULL,NULL,"2021-12-13 08:34:23","2022-02-08 12:55:00","2022-01-17 00:00:00","2022-04-06 08:13:29","2022-01-13 00:00:00","2022-03-08 12:55:00",monthly,monthly,22,198947,7775,7775
"2022-01-10 00:00:00","2022-02-12 13:53:31","2022-01-10 02:07:15","2022-02-12 13:51:26","2022-02-10 00:00:00","2022-03-12 14:01:11","2022-02-10 00:00:00","2022-03-12 13:51:26",monthly,monthly,2,259865,7817,7817
"2021-11-27 00:00:00",NULL,"2021-11-27 09:38:27","2022-02-14 19:12:42","2021-11-29 00:00:00",NULL,"2022-11-27 00:00:00","2023-02-14 19:12:42",annually,annually,77,254541,7839,7839
"2021-11-22 00:00:00",NULL,"2021-10-16 11:50:02","2022-02-16 16:30:47","2021-12-16 00:00:00",NULL,"2021-12-16 00:00:00","2023-02-16 16:30:47",monthly,annually,62,172427,7867,7867
"2022-02-13 00:00:00",NULL,"2022-01-14 18:23:58","2022-02-16 17:42:57","2022-02-14 00:00:00",NULL,"2022-02-14 00:00:00","2023-02-16 17:42:57",monthly,annually,2,213109,7869,7869
NULL,"2022-12-20 15:43:33","2022-01-28 05:04:29","2022-02-17 05:10:37","2022-02-14 00:00:00","2023-02-17 05:10:37","2023-01-28 00:00:00","2023-02-17 05:10:37",annually,annually,3,261805,7879,7879
NULL,NULL,"2021-12-06 11:13:47","2022-02-17 07:29:06","2022-02-10 00:00:00",NULL,"2022-02-06 00:00:00","2023-02-17 07:29:06",monthly,annually,7,255534,7884,7884
NULL,NULL,"2021-11-22 16:02:08","2022-02-17 12:13:51","2021-12-26 00:00:00",NULL,"2021-12-22 00:00:00","2023-02-17 12:13:51",monthly,annually,53,218237,7892,7892
"2021-10-14 00:00:00",NULL,"2021-09-15 20:35:22","2022-02-17 13:21:52","2021-10-15 00:00:00",NULL,"2021-10-15 00:00:00","2023-02-17 13:21:52",monthly,annually,125,93270,7894,7894
NULL,NULL,"2021-09-30 19:21:35","2022-03-05 14:24:40","2021-12-04 00:00:00","2022-04-18 15:00:53","2021-11-30 00:00:00","2022-04-05 14:24:40",monthly,monthly,91,6026,8028,8028
NULL,"2022-06-12 21:32:53","2022-01-01 15:04:58","2022-03-18 14:44:40","2022-02-05 00:00:00","2022-06-18 15:01:17","2022-02-01 00:00:00","2022-04-18 14:44:40",monthly,monthly,41,33495,8149,8149
NULL,"2022-04-15 01:19:57","2022-01-09 11:06:20","2022-03-27 12:28:16","2022-02-13 00:00:00",NULL,"2022-02-09 00:00:00","2023-03-27 12:28:16",annually,annually,42,259504,8257,8257
"2022-03-15 08:39:31",NULL,"2022-02-19 15:06:47","2022-03-28 07:30:02","2022-03-19 15:21:11",NULL,"2022-03-19 15:06:47","2023-03-28 07:30:02",monthly,annually,9,258930,8265,8265
"2022-02-25 00:00:00",NULL,"2021-12-26 15:21:55","2022-03-29 10:18:30","2022-02-26 00:00:00","2022-05-12 10:41:03","2022-02-26 00:00:00","2022-04-29 10:18:30",monthly,monthly,31,257898,8285,8285
NULL,NULL,"2022-01-15 11:33:25","2022-03-29 12:59:24","2022-03-19 00:00:00",NULL,"2022-03-15 00:00:00","2023-03-29 12:59:24",monthly,annually,10,260356,8288,8288
NULL,"2022-10-12 00:54:11","2022-01-21 20:18:45","2022-03-29 20:08:06","2022-02-07 00:00:00","2023-03-29 20:08:06","2023-01-21 00:00:00","2023-03-29 20:08:06",annually,annually,50,261200,8303,8303
"2022-03-10 01:07:17",NULL,"2022-02-10 16:47:02","2022-03-30 16:34:22","2022-03-10 17:01:37",NULL,"2022-03-10 16:47:02","2023-03-30 16:34:22",monthly,annually,20,262580,8336,8336
"2022-03-21 00:00:00",NULL,"2022-01-27 22:20:33","2022-03-30 17:03:10","2022-03-27 00:00:00",NULL,"2022-03-27 00:00:00","2023-03-30 17:03:10",monthly,annually,3,258782,8339,8339
"2022-03-25 08:47:07","2022-04-05 05:02:59","2022-03-20 10:12:09","2022-03-30 18:59:08","2022-03-28 14:47:59","2022-04-05 06:11:19","2023-03-20 10:12:09","2023-03-30 18:59:08",annually,annually,2,267089,8347,8347
NULL,NULL,"2021-11-24 19:08:13","2022-04-04 22:55:33","2021-12-28 00:00:00","2022-07-17 23:21:11","2021-12-24 00:00:00","2022-05-04 22:55:33",monthly,monthly,97,225216,8432,8432
"2022-01-31 00:00:00","2022-06-06 20:00:47","2021-11-30 09:43:47","2022-04-08 14:33:22","2022-01-30 00:00:00","2022-06-08 14:40:58","2022-01-30 00:00:00","2022-05-08 14:33:22",monthly,monthly,68,247713,8469,8469
NULL,NULL,"2022-02-19 06:37:03","2022-04-16 08:27:20","2022-04-08 13:14:12","2022-05-31 09:22:15","2022-03-19 06:37:03","2022-05-16 08:27:20",monthly,monthly,8,236797,8548,8548
NULL,NULL,"2022-02-25 09:02:39","2022-04-19 03:09:07","2022-04-08 13:16:47","2022-07-02 03:41:01","2022-03-25 09:02:39","2022-05-19 03:09:07",monthly,monthly,11,255827,8569,8569
NULL,NULL,"2022-02-23 23:10:20","2022-04-21 00:57:58","2022-04-08 13:16:18","2022-06-03 01:21:05","2022-03-23 23:10:20","2022-05-21 00:57:58",monthly,monthly,13,195307,8587,8587
"2022-04-02 23:17:48","2022-05-11 05:34:48","2022-03-04 19:02:07","2022-04-22 03:12:59","2022-04-04 19:21:22","2022-05-22 03:20:55","2022-04-04 19:02:07","2022-05-22 03:12:59",monthly,monthly,18,205950,8595,8595
NULL,NULL,"2022-02-23 15:31:32","2022-04-23 07:49:46","2022-04-08 13:15:18","2022-06-05 08:20:58","2022-03-23 15:31:32","2022-05-23 07:49:46",monthly,monthly,15,264514,8601,8601
"2022-04-13 14:35:27","2022-05-11 02:33:57","2022-04-06 15:25:20","2022-05-09 03:29:02","2022-05-06 15:41:17","2022-06-09 03:40:45","2022-05-06 15:25:20","2022-06-09 03:29:02",monthly,monthly,3,269843,8715,8715
"2022-02-03 00:00:00","2022-06-10 14:26:19","2022-01-04 14:20:41","2022-05-10 14:54:37","2022-02-04 00:00:00","2022-06-10 15:01:13","2022-02-04 00:00:00","2022-06-10 14:54:37",monthly,monthly,95,4874,8726,8726
"2022-03-26 20:13:11","2022-05-21 20:47:54","2022-03-03 17:08:47","2022-05-17 05:29:07","2022-04-03 17:21:05","2022-06-17 05:40:52","2022-04-03 17:08:47","2022-06-17 05:29:07",monthly,monthly,44,265241,8773,8773
NULL,NULL,"2022-01-27 23:52:08","2022-05-21 19:44:27","2022-02-21 00:00:00","2022-07-04 20:21:13","2023-01-27 00:00:00","2022-06-21 19:44:27",annually,monthly,89,261788,8821,8821
NULL,NULL,"2022-03-26 05:39:15","2022-05-27 06:22:54","2022-04-26 12:37:35",NULL,"2023-03-26 05:39:15","2023-05-27 06:22:54",annually,annually,31,213528,8877,8877
"2022-05-24 16:30:27",NULL,"2022-05-06 16:45:02","2022-05-28 19:17:41","2022-05-26 14:05:24",NULL,"2023-05-06 16:45:02","2023-05-28 19:17:41",annually,annually,2,263309,8897,8897
NULL,NULL,"2022-05-14 13:43:37","2022-05-30 03:11:56","2022-05-23 06:43:22",NULL,"2023-05-14 13:43:37","2023-05-30 03:11:56",annually,annually,7,273936,8930,8930
"2022-03-02 07:42:10",NULL,"2022-02-13 16:08:58","2022-06-02 10:10:57","2022-03-13 16:21:05",NULL,"2022-03-13 16:08:58","2023-02-02 10:10:57",monthly,monthly,81,161693,9065,9065
NULL,NULL,"2022-02-24 19:20:21","2022-06-08 19:45:32","2022-06-06 20:01:10","2022-09-09 11:20:35","2022-03-24 19:20:21","2022-10-08 19:45:32",monthly,monthly,2,182962,9122,9122
"2022-04-24 16:28:17","2022-07-25 11:21:26","2022-04-10 23:20:33","2022-06-15 03:12:14","2022-05-10 23:40:53","2022-08-15 03:21:02","2022-05-10 23:20:33","2022-08-15 03:12:14",monthly,monthly,36,270247,9164,9164
"2022-04-18 18:49:10","2022-07-09 14:01:13","2022-03-24 17:52:17","2022-06-16 14:09:39","2022-04-24 18:01:18","2022-07-16 14:20:54","2022-04-24 17:52:17","2022-07-16 14:09:39",monthly,monthly,53,182728,9178,9178
NULL,"2022-07-12 14:14:10","2022-02-24 09:28:41","2022-06-17 16:14:52","2022-05-07 10:01:01","2022-07-17 16:21:36","2022-03-24 09:28:41","2022-07-17 16:14:52",monthly,monthly,41,144397,9185,9185
NULL,NULL,"2021-09-28 11:38:51","2022-06-20 03:16:36","2021-10-11 00:00:00",NULL,"2021-10-28 00:00:00","2023-06-20 03:16:36",monthly,annually,252,171536,9206,9206
"2022-04-18 18:27:39","2022-10-19 09:52:43","2022-03-24 12:56:03","2022-06-22 16:14:02","2022-04-24 13:01:01","2022-10-22 16:21:06","2022-04-24 12:56:03","2022-10-22 16:14:02",monthly,monthly,59,268113,9232,9232
NULL,NULL,"2022-01-24 02:41:12","2022-06-26 13:15:08","2022-01-25 00:00:00",NULL,"2023-04-24 00:00:00","2023-06-26 13:15:08",annually,annually,152,261393,9253,9253
NULL,NULL,"2022-04-18 13:08:32","2022-06-26 16:10:34","2022-04-28 14:36:02",NULL,"2023-04-18 13:08:32","2023-06-26 16:10:34",annually,annually,59,271169,9256,9256
"2021-12-11 00:00:00",NULL,"2021-11-28 11:13:26","2022-06-27 07:13:27","2021-12-22 00:00:00",NULL,"2022-11-28 00:00:00","2023-06-27 07:13:27",annually,annually,187,239932,9264,9264
NULL,NULL,"2022-04-10 05:12:41","2022-06-27 08:21:55","2022-05-23 05:40:50","2022-08-09 09:00:53","2022-05-10 05:12:41","2022-07-27 08:21:55",monthly,monthly,35,270179,9266,9266
NULL,NULL,"2022-03-02 18:29:30","2022-06-27 20:36:05","2022-05-11 15:27:18","2022-08-09 21:01:02","2022-04-02 18:29:30","2022-07-27 20:36:05",monthly,monthly,47,262569,9281,9281
NULL,"2023-01-03 18:54:30","2022-03-09 23:11:35","2022-06-27 21:18:13","2022-06-22 23:40:47","2023-01-27 21:18:13","2022-04-09 23:11:35","2023-01-27 21:18:13",monthly,monthly,5,266366,9282,9282
"2021-12-22 00:00:00",NULL,"2021-12-07 10:46:47","2022-06-28 07:33:09","2022-01-07 00:00:00",NULL,"2022-01-07 00:00:00","2023-06-28 07:33:09",monthly,annually,172,185019,9285,9285
"2022-04-13 00:00:00",NULL,"2021-09-25 13:21:35","2022-06-29 13:24:51","2022-04-25 00:00:00",NULL,"2022-04-25 00:00:00","2023-06-29 13:24:51",monthly,annually,65,171248,9304,9304
NULL,NULL,"2022-01-18 12:07:58","2022-06-29 14:22:25","2022-02-22 00:00:00",NULL,"2022-02-18 00:00:00","2023-06-29 14:22:25",monthly,annually,127,238800,9305,9305
NULL,"2022-08-07 08:56:29","2021-09-21 08:26:50","2022-07-06 17:15:40","2021-10-15 00:00:00","2022-09-06 17:21:24","2022-09-21 00:00:00","2022-09-06 17:15:40",annually,monthly,264,169991,9364,9364
"2022-06-07 21:08:41","2022-07-09 16:35:43","2022-06-07 14:13:07","2022-07-09 16:32:03","2022-07-07 14:20:58","2022-08-09 16:41:05","2022-07-07 14:13:07","2022-08-09 16:32:03",monthly,monthly,2,190610,9387,9387
NULL,"2022-08-12 08:42:39","2022-03-26 10:19:43","2022-07-13 04:34:12","2022-06-08 10:40:55","2022-08-13 04:40:47","2022-04-26 10:19:43","2022-08-13 04:34:12",monthly,monthly,35,182,9415,9415
"2022-06-07 17:45:20","2022-09-14 17:26:34","2022-02-11 11:34:53","2022-07-22 10:06:56","2022-06-11 11:40:41","2022-09-22 10:20:50","2022-06-11 11:34:53","2022-09-22 10:06:56",monthly,monthly,41,261828,9515,9515
NULL,"2022-10-02 17:37:09","2022-01-25 17:08:14","2022-07-31 17:52:48","2022-03-01 00:00:00","2022-10-30 18:01:00","2022-02-25 00:00:00","2022-10-30 17:52:48",monthly,monthly,152,177810,9716,9716
"2022-06-12 09:55:41",NULL,"2022-05-13 00:48:44","2022-08-07 07:08:50","2022-06-13 01:00:51","2022-09-20 07:40:52","2022-06-13 00:48:44","2022-09-07 07:08:50",monthly,monthly,55,180153,9766,9766
"2022-05-25 01:13:06","2022-09-23 04:09:10","2022-05-24 16:04:15","2022-08-07 22:54:37","2022-05-25 05:47:44","2022-10-07 23:01:04","2022-06-24 16:04:15","2022-10-07 22:54:37",monthly,monthly,74,274781,9772,9772
"2022-06-23 12:33:41",NULL,"2022-06-23 12:10:40","2022-08-10 14:22:38","2022-07-23 12:20:59","2022-11-11 10:27:05","2022-07-23 12:10:40","2022-09-10 14:22:38",monthly,monthly,18,278995,9798,9798
"2022-02-24 00:00:00",NULL,"2021-12-01 10:29:52","2022-08-11 10:37:35","2022-03-01 00:00:00","2022-09-24 11:00:52","2022-03-01 00:00:00","2022-09-11 10:37:35",monthly,monthly,163,239031,9803,9803
"2022-03-21 00:00:00","2022-08-31 05:16:15","2022-01-20 19:03:24","2022-08-17 00:38:06","2022-04-20 00:00:00","2022-09-17 00:40:50","2022-04-20 00:00:00","2022-09-17 00:38:06",monthly,monthly,119,261073,9833,9833
NULL,NULL,"2022-02-25 21:45:46","2022-08-22 14:37:21","2022-04-08 13:17:06","2022-10-05 15:00:49","2022-03-25 21:45:46","2022-09-22 14:37:21",monthly,monthly,136,156614,9880,9880
NULL,NULL,"2022-07-07 01:43:26","2022-08-28 10:35:35","2022-08-20 02:20:57",NULL,"2022-08-07 01:43:26","2023-08-28 10:35:35",monthly,annually,8,280548,9929,9929
"2021-12-08 00:00:00",NULL,"2021-11-23 23:00:34","2022-08-30 19:59:48","2021-12-09 00:00:00","2022-09-05 11:39:41","2022-11-23 00:00:00","2023-08-30 19:59:48",annually,annually,264,253904,9952,9952
NULL,NULL,"2022-06-19 22:12:51","2022-08-30 20:14:43","2022-06-29 06:11:50",NULL,"2023-06-19 22:12:51","2023-08-30 20:14:43",annually,annually,62,269534,9953,9953
"2022-03-28 00:00:00",NULL,"2021-12-01 18:17:38","2022-08-31 19:19:10","2022-04-01 00:00:00",NULL,"2022-04-01 00:00:00","2023-08-31 19:19:10",monthly,annually,152,225283,9980,9980
"2022-07-12 15:37:34",NULL,"2022-04-16 03:44:30","2022-09-01 20:11:59","2022-07-16 04:00:53",NULL,"2022-07-16 03:44:30","2023-09-01 20:11:59",monthly,annually,47,269130,9993,9993
NULL,"2022-10-26 08:20:26","2022-07-13 09:46:05","2022-09-06 14:47:33","2022-08-26 10:20:42","2022-11-06 15:01:18","2022-08-13 09:46:05","2022-10-06 14:47:33",monthly,monthly,11,279404,10023,10023
NULL,NULL,"2022-07-16 19:56:20","2022-09-07 15:21:59","2022-08-09 10:59:58",NULL,"2023-07-16 19:56:20","2023-09-07 15:21:59",annually,annually,29,280932,10031,10031
NULL,NULL,"2022-04-08 19:36:38","2022-09-08 21:14:37","2022-08-21 20:00:56",NULL,"2022-05-08 19:36:38","2023-02-08 21:14:37",monthly,monthly,18,1436,10045,10045
NULL,NULL,"2022-06-14 15:18:04","2022-09-10 10:57:09","2022-07-27 15:41:00","2022-10-23 11:20:47","2022-07-14 15:18:04","2022-10-10 10:57:09",monthly,monthly,45,217976,10055,10055
NULL,NULL,"2022-06-10 02:08:14","2022-09-10 17:26:39","2022-07-23 02:40:47",NULL,"2022-07-10 02:08:14","2023-02-10 17:26:39",monthly,monthly,49,163914,10057,10057
"2022-04-06 18:45:33","2022-10-20 17:48:19","2022-02-15 16:26:13","2022-09-15 22:01:59","2022-04-15 16:41:17","2022-11-15 22:21:03","2022-03-15 16:26:13","2022-11-15 22:01:59",monthly,monthly,153,263783,10093,10093
NULL,NULL,"2022-04-29 12:42:16","2022-09-23 10:08:50","2022-06-11 13:20:44","2022-11-05 10:40:47","2022-05-29 12:42:16","2022-10-23 10:08:50",monthly,monthly,104,271465,10183,10183
NULL,NULL,"2022-09-21 16:30:39","2022-09-28 22:00:25","2022-09-26 09:10:28","2022-10-04 12:33:19","2023-09-21 16:30:39","2023-09-28 22:00:25",annually,annually,2,291575,10282,10282
NULL,NULL,"2021-09-24 19:21:35","2022-10-05 12:14:28","2022-10-03 00:00:00",NULL,"2022-09-24 00:00:00","2023-10-05 12:14:28",annually,annually,2,167554,10390,10390
"2022-09-27 20:24:54",NULL,"2022-08-02 15:50:47","2022-10-07 01:10:47","2022-10-02 16:01:30",NULL,"2022-10-02 15:50:47","2023-02-07 01:10:47",monthly,monthly,5,278789,10406,10406
"2022-03-13 00:00:00",NULL,"2021-12-14 21:53:56","2022-10-08 11:56:37","2022-03-14 00:00:00",NULL,"2022-03-14 00:00:00","2023-02-08 11:56:37",monthly,monthly,208,256539,10415,10415
NULL,NULL,"2021-09-28 05:57:40","2022-10-09 07:45:01","2022-10-07 00:00:00",NULL,"2022-09-28 00:00:00","2023-10-09 07:45:01",annually,annually,2,143709,10417,10417
NULL,NULL,"2021-11-29 06:14:37","2022-10-09 09:50:19","2021-11-29 00:00:00",NULL,"2022-11-29 00:00:00","2023-10-09 09:50:19",annually,annually,314,254888,10418,10418
"2022-08-13 23:14:35","2022-11-14 16:37:07","2022-04-20 06:43:28","2022-10-11 14:14:42","2022-08-20 07:00:58","2022-12-11 14:20:56","2022-08-20 06:43:28","2022-12-11 14:14:42",monthly,monthly,52,269984,10433,10433
NULL,NULL,"2022-10-11 08:32:27","2022-10-13 07:59:10","2022-10-11 14:45:01",NULL,"2023-10-11 08:32:27","2023-10-13 07:59:10",annually,annually,2,294227,10454,10454
"2022-09-30 00:00:00",NULL,"2021-10-09 21:46:15","2022-10-14 13:53:14","2022-10-09 00:00:00",NULL,"2022-10-09 00:00:00","2023-10-14 13:53:14",annually,annually,5,172289,10473,10473
"2022-05-29 20:05:16",NULL,"2022-04-30 09:48:59","2022-10-19 18:02:42","2022-05-30 10:00:41",NULL,"2022-05-30 09:48:59","2023-10-19 18:02:42",monthly,annually,142,182377,10508,10508
"2022-09-29 16:57:12","2022-10-20 00:54:34","2022-08-31 16:52:47","2022-10-19 19:41:50","2022-09-30 17:01:06","2023-10-19 19:41:50","2022-09-30 16:52:47","2023-10-19 19:41:50",monthly,annually,19,184509,10510,10510
"2022-06-06 04:39:03","2022-10-20 11:04:37","2022-06-02 23:57:04","2022-10-20 10:58:11","2022-06-06 06:42:56","2023-10-20 10:58:11","2022-07-02 23:57:04","2023-10-20 10:58:11",monthly,annually,136,275215,10521,10521
"2022-08-15 09:07:36",NULL,"2022-05-26 21:24:33","2022-10-20 15:29:32","2022-08-26 21:40:55",NULL,"2022-08-26 21:24:33","2023-10-20 15:29:32",monthly,annually,55,274836,10527,10527
"2022-06-12 11:41:54",NULL,"2022-04-11 18:23:01","2022-10-20 19:58:02","2022-07-11 18:41:09",NULL,"2022-07-11 18:23:01","2023-10-20 19:58:02",monthly,annually,101,270103,10531,10531
"2021-09-27 00:00:00",NULL,"2021-09-27 18:09:50","2022-10-21 05:00:20","2022-09-27 00:00:00",NULL,"2022-09-27 00:00:00","2023-10-21 05:00:20",annually,annually,24,171476,10537,10537
"2022-09-30 16:51:49",NULL,"2022-07-02 21:33:28","2022-10-21 17:11:56","2022-10-02 21:41:04",NULL,"2022-10-02 21:33:28","2023-10-21 17:11:56",monthly,annually,19,279178,10543,10543
NULL,NULL,"2021-09-29 18:25:39","2022-10-22 07:13:43","2022-10-08 00:00:00",NULL,"2022-09-29 00:00:00","2023-10-22 07:13:43",annually,annually,14,171464,10550,10550
NULL,NULL,"2022-08-21 22:17:42","2022-10-26 15:26:25","2022-10-04 22:41:12","2022-12-09 16:01:20","2022-09-21 22:17:42","2022-11-26 15:26:25",monthly,monthly,22,287436,10581,10581
NULL,NULL,"2022-06-06 06:45:30","2022-10-28 10:31:00","2022-10-07 11:33:51","2023-01-16 00:00:00","2023-06-06 06:45:30","2023-10-28 00:00:00",annually,annually,21,271258,10594,10594
